,2020/1/26,2020/1/27,2020/1/28,2020/1/29,2020/1/30,2020/1/31,2020/2/1,2020/2/2,2020/2/3,2020/2/4,2020/2/5,2020/2/6,2020/2/7,2020/2/8,2020/2/9,2020/2/10,2020/2/11,2020/2/12,2020/2/13,2020/2/14,2020/2/15,2020/2/16,2020/2/17,2020/2/18,2020/2/19,2020/2/20,2020/2/21,2020/2/22,2020/2/23,2020/2/24,2020/2/25,2020/2/26,2020/2/27,2020/2/28,2020/2/29,2020/3/1,2020/3/2,2020/3/3,2020/3/4,2020/3/5,2020/3/6,2020/3/7,2020/3/8,2020/3/9,2020/3/10,2020/3/11,2020/3/12,2020/3/13,2020/3/14,2020/3/15,2020/3/16,2020/3/17,2020/3/18,2020/3/19,2020/3/20,2020/3/21,2020/3/22,2020/3/23,2020/3/24,2020/3/25,2020/3/26,2020/3/27,2020/3/28,2020/3/29,2020/3/30,2020/3/31,2020/4/1,2020/4/2,2020/4/3,2020/4/4,2020/4/5,2020/4/6,2020/4/7,2020/4/8,2020/4/9,2020/4/10,2020/4/11,2020/4/12,2020/4/13,2020/4/14,2020/4/15,2020/4/16,2020/4/17,2020/4/18,2020/4/19,2020/4/20,2020/4/21,2020/4/22,2020/4/23,2020/4/24,2020/4/25,2020/4/26,2020/4/27,2020/4/28,2020/4/29,2020/4/30,2020/5/1,2020/5/2,2020/5/3,2020/5/4,2020/5/5,2020/5/6,2020/5/7,2020/5/8,2020/5/9,2020/5/10,2020/5/11,2020/5/12,2020/5/13,2020/5/14,2020/5/15,2020/5/16,2020/5/17,2020/5/18,2020/5/19,2020/5/20,2020/5/21,2020/5/22,2020/5/23,2020/5/24,2020/5/25,2020/5/26,2020/5/27,2020/5/28,2020/5/29,2020/5/30,2020/5/31,2020/6/1,2020/6/2,2020/6/3,2020/6/4,2020/6/5,2020/6/6,2020/6/7,2020/6/8,2020/6/9,2020/6/10,2020/6/11,2020/6/12,2020/6/13,2020/6/14,2020/6/15,2020/6/16,2020/6/17,2020/6/18,2020/6/19,2020/6/20,2020/6/21,2020/6/22,2020/6/23,2020/6/24,2020/6/25,2020/6/26,2020/6/27,2020/6/28,2020/6/29,2020/6/30,2020/7/1,2020/7/2,2020/7/3,2020/7/4,2020/7/5,2020/7/6,2020/7/7,2020/7/8,2020/7/9,2020/7/10,2020/7/11,2020/7/12,2020/7/13,2020/7/14,2020/7/15,2020/7/16,2020/7/17,2020/7/18,2020/7/19,2020/7/20,2020/7/21,2020/7/22,2020/7/23,2020/7/24,2020/7/25,2020/7/26,2020/7/27,2020/7/28,2020/7/29,2020/7/30,2020/7/31,2020/8/1,2020/8/2,2020/8/3,2020/8/4,2020/8/5,2020/8/6,2020/8/7,2020/8/8,2020/8/9,2020/8/10,2020/8/11,2020/8/12,2020/8/13,2020/8/14,2020/8/15,2020/8/16,2020/8/17,2020/8/18,2020/8/19,2020/8/20,2020/8/21,2020/8/22,2020/8/23,2020/8/24,2020/8/25,2020/8/26,2020/8/27,2020/8/28,2020/8/29,2020/8/30,2020/8/31,2020/9/1,2020/9/2,2020/9/3,2020/9/4,2020/9/5,2020/9/6,2020/9/7,2020/9/8,2020/9/9,2020/9/10,2020/9/11,2020/9/12,2020/9/13,2020/9/14,2020/9/15,2020/9/16,2020/9/17,2020/9/18,2020/9/19,2020/9/20,2020/9/21,2020/9/22,2020/9/23,2020/9/24,2020/9/25,2020/9/26,2020/9/27,2020/9/28,2020/9/29,2020/9/30,2020/10/1,2020/10/2,2020/10/3,2020/10/4,2020/10/5,2020/10/6,2020/10/7,2020/10/8,2020/10/9,2020/10/10,2020/10/11,2020/10/12,2020/10/13,2020/10/14,2020/10/15,2020/10/16,2020/10/17,2020/10/18,2020/10/19,2020/10/20,2020/10/21,2020/10/22,2020/10/23,2020/10/24,2020/10/25,2020/10/26,2020/10/27,2020/10/28,2020/10/29,2020/10/30,2020/10/31,2020/11/1,2020/11/2,2020/11/3,2020/11/4,2020/11/5,2020/11/6,2020/11/7,2020/11/8,2020/11/9,2020/11/10,2020/11/11,2020/11/12,2020/11/13,2020/11/14,2020/11/15,2020/11/16,2020/11/17,2020/11/18,2020/11/19,2020/11/20,2020/11/21,2020/11/22,2020/11/23,2020/11/24,2020/11/25,2020/11/26,2020/11/27,2020/11/28,2020/11/29,2020/11/30,2020/12/1,2020/12/2,2020/12/3,2020/12/4,2020/12/5,2020/12/6,2020/12/7,2020/12/8,2020/12/9,2020/12/10,2020/12/11,2020/12/12,2020/12/13,2020/12/14,2020/12/15,2020/12/16,2020/12/17,2020/12/18,2020/12/19,2020/12/20,2020/12/21,2020/12/22,2020/12/23,2020/12/24,2020/12/25,2020/12/26,2020/12/27,2020/12/28,2020/12/29,2020/12/30,2020/12/31,2021/1/1,2021/1/2,2021/1/3,2021/1/4,2021/1/5,2021/1/6,2021/1/7,2021/1/8,2021/1/9,2021/1/10,2021/1/11,2021/1/12,2021/1/13,2021/1/14,2021/1/15,2021/1/16,2021/1/17,2021/1/18,2021/1/19,2021/1/20,2021/1/21,2021/1/22,2021/1/23,2021/1/24,2021/1/25,2021/1/26,2021/1/27,2021/1/28,2021/1/29,2021/1/30,2021/1/31,2021/2/1,2021/2/2,2021/2/3,2021/2/4,2021/2/5,2021/2/6,2021/2/7,2021/2/8,2021/2/9,2021/2/10,2021/2/11,2021/2/12,2021/2/13,2021/2/14,2021/2/15,2021/2/16,2021/2/17,2021/2/18,2021/2/19,2021/2/20,2021/2/21,2021/2/22,2021/2/23,2021/2/24,2021/2/25,2021/2/26,2021/2/27,2021/2/28,2021/3/1,2021/3/2,2021/3/3,2021/3/4,2021/3/5,2021/3/6,2021/3/7,2021/3/8,2021/3/9,2021/3/10,2021/3/11,2021/3/12,2021/3/13,2021/3/14,2021/3/15,2021/3/16,2021/3/17,2021/3/18,2021/3/19,2021/3/20,2021/3/21,2021/3/22,2021/3/23,2021/3/24,2021/3/25,2021/3/26,2021/3/27,2021/3/28,2021/3/29,2021/3/30,2021/3/31,2021/4/1,2021/4/2,2021/4/3,2021/4/4,2021/4/5,2021/4/6,2021/4/7,2021/4/8,2021/4/9,2021/4/10,2021/4/11,2021/4/12,2021/4/13,2021/4/14,2021/4/15,2021/4/16,2021/4/17,2021/4/18,2021/4/19,2021/4/20,2021/4/21,2021/4/22,2021/4/23,2021/4/24,2021/4/25,2021/4/26,2021/4/27,2021/4/28,2021/4/29,2021/4/30,2021/5/1,2021/5/2,2021/5/3,2021/5/4,2021/5/5,2021/5/6,2021/5/7,2021/5/8,2021/5/9,2021/5/10,2021/5/11,2021/5/12,2021/5/13,2021/5/14,2021/5/15,2021/5/16,2021/5/17,2021/5/18,2021/5/19,2021/5/20,2021/5/21,2021/5/22,2021/5/23,2021/5/24,2021/5/25,2021/5/26,2021/5/27,2021/5/28,2021/5/29,2021/5/30,2021/5/31,2021/6/1,2021/6/2,2021/6/3,2021/6/4,2021/6/5,2021/6/6,2021/6/7,2021/6/8,2021/6/9,2021/6/10,2021/6/11,2021/6/12,2021/6/13,2021/6/14,2021/6/15,2021/6/16,2021/6/17,2021/6/18,2021/6/19,2021/6/20,2021/6/21,2021/6/22,2021/6/23,2021/6/24,2021/6/25,2021/6/26,2021/6/27,2021/6/28,2021/6/29,2021/6/30,2021/7/1,2021/7/2,2021/7/3,2021/7/4,2021/7/5,2021/7/6,2021/7/7,2021/7/8,2021/7/9,2021/7/10,2021/7/11,2021/7/12,2021/7/13,2021/7/14,2021/7/15,2021/7/16,2021/7/17,2021/7/18,2021/7/19,2021/7/20,2021/7/21,2021/7/22,2021/7/23,2021/7/24,2021/7/25,2021/7/26,2021/7/27,2021/7/28,2021/7/29,2021/7/30,2021/7/31,2021/8/1,2021/8/2,2021/8/3,2021/8/4,2021/8/5,2021/8/6,2021/8/7,2021/8/8,2021/8/9,2021/8/10,2021/8/11,2021/8/12,2021/8/13,2021/8/14,2021/8/15,2021/8/16,2021/8/17,2021/8/18,2021/8/19,2021/8/20,2021/8/21,2021/8/22,2021/8/23,2021/8/24,2021/8/25,2021/8/26,2021/8/27,2021/8/28,2021/8/29,2021/8/30,2021/8/31,2021/9/1,2021/9/2
ALL,1,0,3,1,3,0,0,0,0,1,2,0,0,0,0,0,1,1,3,5,4,1,6,8,9,8,13,23,10,16,8,22,24,19,9,14,14,22,34,33,54,44,35,27,60,52,55,34,62,29,16,45,39,39,52,35,45,39,89,93,93,96,222,151,80,227,257,281,353,365,346,248,365,522,574,640,644,486,387,446,552,558,572,577,377,346,389,446,439,444,371,224,182,279,217,202,282,288,195,181,119,104,107,88,108,66,58,87,55,99,55,56,29,30,32,37,45,30,30,40,22,27,37,62,63,46,33,36,51,26,45,41,45,32,22,30,36,40,57,43,62,60,42,43,68,54,65,48,40,53,89,79,99,88,111,110,132,125,194,249,268,195,174,203,203,352,418,374,390,246,326,438,619,588,654,501,405,618,792,966,766,796,834,583,971,1245,1305,1575,1537,1325,941,1240,1344,1479,1597,1521,1485,829,691,969,1175,1355,1233,1015,630,903,1078,1176,1035,985,737,491,709,893,870,869,841,598,430,624,585,654,582,598,447,285,510,507,709,637,639,438,262,530,543,478,569,592,469,306,321,216,475,567,634,478,294,527,569,619,537,562,394,269,495,502,623,594,666,431,272,491,550,703,633,611,422,313,475,611,609,742,712,486,401,646,724,803,767,866,603,480,860,606,1046,1137,1301,934,770,1276,1540,1624,1703,1721,1428,949,1685,2173,2382,2425,2570,2146,1513,1219,1925,2494,2510,2667,2046,1425,2014,2419,2505,2435,2496,2010,1502,2166,2801,2966,2795,3010,2375,1681,2400,2990,3206,2832,3040,2398,1791,2674,3270,3797,3934,3702,2942,2397,3609,3884,4500,3248,3057,3139,3330,4958,6066,7793,8045,7528,6130,4901,4630,6086,6749,6795,7028,5758,4947,5355,5643,5743,4821,4711,3988,2760,3851,3968,4122,3547,3330,2673,1782,2321,2648,2574,2371,2277,1627,1215,1568,1885,1689,1297,1355,1360,964,1305,1443,1540,1297,1228,1029,739,1078,923,1064,1057,1208,994,684,887,1240,1168,1145,1045,1061,599,1125,1309,1315,1268,1317,982,688,1130,1520,1492,1453,1517,1110,817,1485,1924,1914,2030,2073,1753,1340,2077,2832,2598,2745,2755,2460,1554,2654,3460,3457,3511,3742,2848,2098,3444,4302,4570,4519,4791,4089,2892,4328,5280,5474,5119,5602,4604,3303,4958,5788,5895,4658,5990,5882,4458,4199,4055,4352,6032,7239,6491,4925,6237,7057,6866,6269,6420,5247,3676,5228,5811,5711,5250,5034,4035,2711,3896,4526,4131,3706,3587,2876,1786,2640,3031,2825,2586,2648,2017,1276,1883,2224,2044,1934,1941,1384,930,1418,1697,1550,1619,1509,1304,864,1432,1775,1669,1705,1619,1280,989,1376,1810,1741,1773,1864,1479,1021,1658,2181,2239,2259,2452,2021,1491,2377,3170,3408,3419,3871,3093,2318,3743,4933,5386,4204,3576,5008,4659,7619,9568,10687,10728,12328,10160,8324,12061,14204,15247,15624,15740,14457,12053,10565,15769,18894,20357,20132,17825,14826,19948,23910,25140,25852,25460,22272,16839,21557,24309,24968,24187,22732,19307,13625,17703,20025,18216,
Hokkaido,0,0,1,0,0,0,0,0,0,0,0,0,0,0,0,0,0,0,0,1,0,0,0,0,2,1,3,9,7,6,1,8,15,12,4,2,5,2,3,1,7,8,3,7,3,7,10,9,7,4,4,0,2,3,1,1,3,0,1,4,1,1,3,4,1,0,5,3,5,3,1,0,4,10,18,13,16,12,5,18,23,23,33,38,27,17,22,22,45,22,39,14,35,38,38,41,22,33,26,31,12,23,14,6,11,9,12,13,4,6,10,7,8,1,3,2,5,6,9,15,3,8,5,7,3,4,6,5,3,3,3,4,8,4,4,7,5,7,10,9,7,6,2,6,5,3,3,2,2,1,10,6,5,1,17,11,13,4,8,0,1,1,0,1,4,1,6,1,4,2,8,13,6,3,13,9,3,10,6,4,6,9,5,5,3,5,9,15,18,9,23,11,14,11,14,13,11,13,14,4,10,12,14,8,5,6,8,25,10,17,14,8,7,7,10,16,9,4,8,16,6,6,5,10,4,6,11,4,11,6,7,3,8,8,11,7,17,17,16,15,9,12,11,25,7,19,17,16,16,19,15,18,22,36,12,38,29,27,24,31,12,20,20,30,31,27,24,17,31,22,40,51,60,41,50,27,52,53,69,81,68,96,71,75,118,115,187,153,200,166,197,236,235,230,209,189,197,233,267,304,234,245,206,216,181,256,252,252,192,151,206,176,206,212,183,187,124,204,197,241,177,189,164,125,104,86,139,141,132,135,110,74,114,123,97,161,85,94,87,133,167,98,77,68,93,79,115,161,181,215,188,135,145,109,194,202,192,124,125,92,164,130,111,138,94,88,106,147,115,111,106,104,76,105,94,120,93,78,69,50,41,64,92,75,39,52,41,44,64,32,43,34,63,21,66,43,43,36,43,27,29,29,60,66,64,47,84,63,63,65,71,53,58,45,54,69,73,96,78,51,60,50,42,81,67,69,62,74,46,56,76,57,57,66,53,71,63,72,79,83,116,69,58,60,77,101,98,109,98,78,106,124,153,158,160,110,139,121,219,234,187,180,326,114,233,181,320,248,403,506,409,421,529,712,593,566,491,372,533,604,681,727,658,605,366,459,551,570,423,442,288,279,254,317,300,203,276,183,147,120,179,182,145,125,82,74,87,88,73,76,73,52,37,29,49,26,33,47,28,27,23,38,39,26,30,39,29,34,67,62,50,64,56,47,60,75,85,73,111,107,70,104,118,140,79,118,113,137,138,227,260,250,284,267,217,211,366,342,283,347,308,310,347,351,480,454,479,366,357,410,595,575,523,579,529,420,426,568,504,382,457,359,266,305,351,314,
Aomori,0,0,0,0,0,0,0,0,0,0,0,0,0,0,0,0,0,0,0,0,0,0,0,0,0,0,0,0,0,0,0,0,0,0,0,0,0,0,0,0,0,0,0,0,0,0,0,0,0,0,0,0,0,0,0,0,0,2,0,4,0,0,1,0,1,0,0,1,2,0,0,0,1,0,2,3,5,0,0,0,0,0,0,0,0,0,0,0,0,0,0,0,1,3,0,0,0,0,0,0,0,0,1,0,0,0,0,0,0,0,0,0,0,0,0,0,0,0,0,0,0,0,0,0,0,0,0,0,0,0,0,0,0,0,0,0,0,0,0,0,0,0,0,0,0,0,0,0,0,0,0,0,0,0,0,0,0,0,0,0,0,0,0,0,0,1,1,1,0,0,0,0,1,0,0,0,0,0,0,0,0,0,0,0,0,0,0,1,0,0,0,0,0,0,0,0,0,0,0,0,0,1,0,0,0,0,0,0,0,0,0,0,0,0,2,0,0,0,0,0,0,0,0,0,0,0,0,0,0,0,0,0,0,0,0,0,0,0,0,0,0,0,0,0,0,0,1,0,0,0,1,0,0,0,0,0,0,0,0,0,2,0,2,16,26,17,4,18,12,9,6,9,17,3,11,16,7,5,5,5,9,8,1,11,8,5,2,2,1,0,1,0,0,3,0,1,1,0,0,0,0,0,1,0,2,2,2,0,0,8,4,8,8,6,3,6,13,2,9,4,6,7,2,2,7,1,7,0,0,0,1,5,7,4,7,8,6,10,15,6,23,10,4,10,10,7,14,8,9,5,2,6,2,13,25,15,13,8,1,12,4,6,2,9,0,4,10,4,4,3,9,6,0,7,6,6,2,2,4,0,6,40,4,0,7,4,1,4,2,0,0,0,0,0,1,0,1,2,0,0,0,1,0,1,2,0,0,0,2,6,8,8,8,7,4,14,4,4,5,5,1,0,6,7,12,8,3,12,0,6,81,8,19,12,10,6,22,11,12,13,15,4,14,19,19,45,13,26,6,15,16,40,32,27,27,20,7,14,28,22,23,22,22,12,8,23,38,24,43,13,32,25,35,22,31,16,10,29,28,24,66,29,19,11,20,34,51,20,32,25,1,11,16,15,10,13,9,2,9,10,4,2,2,3,1,0,3,1,0,0,1,0,0,0,2,8,2,11,1,2,11,10,2,9,7,2,1,5,5,7,0,0,1,2,7,6,7,3,8,7,0,20,3,4,2,0,8,3,9,8,25,15,22,14,13,26,16,26,27,30,22,11,26,77,42,45,56,11,16,91,58,79,74,83,61,25,81,104,139,103,100,67,54,84,133,100,
Iwate,0,0,0,0,0,0,0,0,0,0,0,0,0,0,0,0,0,0,0,0,0,0,0,0,0,0,0,0,0,0,0,0,0,0,0,0,0,0,0,0,0,0,0,0,0,0,0,0,0,0,0,0,0,0,0,0,0,0,0,0,0,0,0,0,0,0,0,0,0,0,0,0,0,0,0,0,0,0,0,0,0,0,0,0,0,0,0,0,0,0,0,0,0,0,0,0,0,0,0,0,0,0,0,0,0,0,0,0,0,0,0,0,0,0,0,0,0,0,0,0,0,0,0,0,0,0,0,0,0,0,0,0,0,0,0,0,0,0,0,0,0,0,0,0,0,0,0,0,0,0,0,0,0,0,0,0,0,0,0,0,0,0,0,0,0,0,0,0,0,0,0,0,0,0,0,0,0,0,0,0,0,0,0,0,0,2,1,0,1,0,0,0,0,1,1,1,0,0,0,0,0,1,0,1,0,0,0,1,1,0,0,1,0,1,6,0,0,0,0,0,3,0,0,1,0,0,0,0,0,0,0,0,0,0,0,0,0,0,0,0,0,0,0,0,0,0,0,0,0,0,0,0,1,0,0,0,0,0,0,0,0,0,1,0,1,0,0,0,0,0,0,1,0,0,0,0,0,0,0,0,0,0,1,1,0,0,1,0,0,1,10,1,15,7,5,6,4,10,8,21,15,4,4,14,7,13,4,4,8,3,10,4,4,1,7,0,0,4,1,5,22,43,7,4,9,3,9,0,3,5,1,5,2,5,5,10,9,7,1,2,3,4,2,3,0,6,2,3,5,7,12,3,2,10,5,5,3,10,4,4,8,1,1,2,1,0,1,6,0,0,1,0,0,3,6,4,2,2,1,0,2,2,1,0,1,1,3,6,9,4,6,4,0,0,0,0,0,0,1,0,0,0,0,0,1,0,0,0,0,0,2,1,3,3,1,0,6,4,8,2,2,1,1,2,5,5,3,4,1,5,7,25,27,14,17,1,8,9,10,5,8,7,9,2,2,6,3,2,3,2,5,8,8,9,27,10,3,7,9,34,11,36,22,18,14,9,28,20,17,15,13,18,16,16,24,28,17,18,16,18,25,13,19,11,9,13,15,16,11,20,9,6,6,17,7,9,9,12,8,6,18,14,16,16,10,9,7,10,4,5,7,1,0,5,5,10,4,2,8,0,3,9,2,12,14,6,17,7,9,8,12,8,14,12,12,8,6,9,10,10,4,6,9,5,8,12,13,11,10,17,12,19,21,9,14,21,19,13,28,39,21,13,26,40,36,54,51,42,26,43,47,46,63,25,20,3,39,40,30,41,42,58,18,35,44,44,
Miyagi,0,0,0,0,0,0,0,0,0,0,0,0,0,0,0,0,0,0,0,0,0,0,0,0,0,0,0,0,0,0,0,0,0,0,1,0,0,0,0,0,0,0,0,0,0,0,0,0,0,0,0,0,0,0,0,0,0,0,0,0,1,0,0,2,2,1,4,1,6,2,3,3,6,2,2,2,7,6,3,10,1,10,4,4,0,1,0,0,0,0,1,0,1,2,0,0,0,0,0,0,0,0,0,0,0,0,0,0,0,0,0,0,0,0,0,0,0,0,0,0,0,0,0,0,0,0,0,0,0,0,0,0,0,0,0,0,0,0,0,0,0,0,0,0,1,0,0,0,1,0,1,0,1,0,2,0,0,1,0,2,1,0,0,0,1,1,0,4,2,2,2,2,14,3,3,0,4,0,2,2,0,2,0,5,2,4,5,2,5,3,6,2,1,3,1,1,0,0,0,2,0,0,0,0,1,1,1,2,2,0,1,0,0,0,1,5,5,1,3,3,4,12,5,8,3,7,7,11,8,15,12,8,3,18,6,9,5,14,2,2,3,3,8,2,4,3,5,2,7,7,5,7,3,5,8,12,8,13,10,2,5,8,5,4,14,2,2,3,9,6,1,20,7,30,8,44,24,10,11,26,16,30,16,16,18,13,18,13,7,20,33,18,30,10,5,7,32,19,15,14,16,9,16,12,19,21,13,13,7,9,11,9,21,21,21,18,8,17,43,38,46,35,29,16,37,45,54,16,47,33,6,41,51,48,48,56,39,28,39,34,26,30,4,20,18,37,52,75,61,72,63,31,20,52,87,52,44,40,35,61,45,51,51,48,24,11,27,27,27,13,23,17,7,9,11,9,11,13,8,0,5,6,1,2,5,10,4,9,2,7,12,14,9,0,12,5,5,5,19,14,9,21,27,22,22,34,32,29,35,36,53,49,55,49,20,69,107,98,100,125,112,42,121,171,161,153,129,134,80,121,200,133,116,136,80,55,103,121,87,121,109,72,34,72,96,53,68,65,28,22,54,74,78,25,36,31,13,36,42,21,29,22,54,25,24,24,32,37,47,32,14,33,53,18,33,32,31,24,31,33,28,29,21,10,8,18,22,24,22,17,10,4,20,20,25,30,15,11,2,9,9,9,8,12,7,6,10,4,8,4,3,2,2,7,10,6,8,5,4,5,7,6,14,23,12,12,4,15,16,25,25,26,21,13,30,41,45,48,34,19,11,20,28,18,20,5,24,10,26,44,36,50,65,38,31,74,80,103,126,106,96,59,87,142,221,213,153,165,72,211,272,231,292,273,198,162,154,301,227,204,184,128,79,128,171,147,
Akita,0,0,0,0,0,0,0,0,0,0,0,0,0,0,0,0,0,0,0,0,0,0,0,0,0,0,0,0,0,0,0,0,0,0,0,0,0,0,0,0,2,0,0,0,0,0,0,0,0,0,0,0,0,0,0,0,0,0,0,0,0,2,0,0,1,1,1,2,1,1,0,0,0,0,0,2,2,0,0,1,0,0,0,0,0,0,0,0,0,0,0,0,0,0,0,0,0,0,0,0,0,0,0,0,0,0,0,0,0,0,0,0,0,0,0,0,0,0,0,0,0,0,0,0,0,0,0,0,0,0,0,0,0,0,0,0,0,0,0,0,0,0,0,0,0,0,0,0,0,0,0,0,0,0,0,0,0,0,0,0,0,0,0,0,0,0,0,0,0,0,0,0,0,0,0,0,0,0,0,0,0,1,1,0,0,0,0,0,0,0,0,0,0,0,10,6,1,0,0,1,1,1,2,2,1,1,0,1,0,0,0,0,1,2,0,0,1,0,0,0,0,1,0,0,0,0,0,0,0,0,0,0,1,0,0,0,0,1,1,0,0,0,0,0,0,0,0,0,0,0,0,0,5,0,0,0,0,0,0,1,0,0,0,0,0,0,0,0,1,1,0,0,0,0,0,0,0,0,0,2,0,1,0,0,3,0,0,0,0,1,0,2,0,1,2,0,1,0,0,0,0,0,0,1,8,1,5,1,0,0,0,0,0,0,0,0,0,0,0,0,0,2,2,0,0,0,0,0,1,0,0,1,8,1,8,10,2,1,6,4,4,3,0,3,3,8,2,2,4,2,6,1,2,2,3,8,7,10,10,3,8,2,6,7,5,3,1,2,2,5,0,1,0,1,4,1,2,0,0,0,0,0,0,0,0,0,0,0,0,0,0,0,0,0,0,0,0,0,0,0,0,0,0,0,0,0,0,0,0,0,0,0,0,0,0,1,2,1,1,3,0,0,1,0,1,2,2,0,0,0,0,2,3,13,0,0,2,8,8,1,5,6,4,6,3,5,7,6,5,10,13,5,4,3,11,1,3,8,5,17,8,25,12,14,11,19,6,16,23,15,5,19,23,7,19,15,4,4,19,7,9,6,7,1,1,8,3,2,0,0,0,0,3,0,2,0,0,0,0,0,1,0,0,1,1,0,1,0,0,0,1,4,7,9,2,5,12,21,10,13,14,13,15,7,7,3,1,7,3,11,2,4,4,2,3,6,5,9,8,2,0,3,7,2,2,2,4,2,1,4,5,7,7,1,3,6,8,6,13,16,14,9,8,13,12,25,20,11,8,29,29,39,38,36,27,22,50,37,38,19,26,14,8,19,11,18,
Yamagata,0,0,0,0,0,0,0,0,0,0,0,0,0,0,0,0,0,0,0,0,0,0,0,0,0,0,0,0,0,0,0,0,0,0,0,0,0,0,0,0,0,0,0,0,0,0,0,0,0,0,0,0,0,0,0,0,0,0,0,0,0,0,0,0,0,1,1,1,0,5,2,3,6,3,5,5,1,5,1,4,6,5,4,2,1,3,0,1,0,1,0,0,0,1,1,0,0,0,0,1,0,0,0,0,0,0,0,0,0,0,0,0,0,0,0,0,0,0,0,0,0,0,0,0,0,0,0,0,0,0,0,0,0,0,0,0,0,0,0,0,0,0,0,0,0,0,0,0,0,0,0,0,0,0,0,0,0,0,0,0,1,0,1,0,0,0,0,0,0,2,0,1,1,0,0,0,0,0,0,0,0,0,0,0,0,0,0,1,0,0,0,0,0,0,0,0,0,0,0,0,0,0,0,0,0,0,0,1,0,0,0,0,0,0,0,0,0,1,0,0,0,0,0,0,0,0,0,0,0,0,0,0,0,0,0,0,0,0,0,0,0,0,0,0,0,0,0,0,0,0,0,0,0,0,0,0,1,2,0,0,0,0,0,0,0,0,0,0,0,1,0,2,0,0,2,0,0,0,0,0,0,0,0,0,0,0,0,1,1,1,3,2,0,2,1,1,0,2,5,2,0,2,0,0,1,1,5,6,11,2,3,4,7,3,6,15,4,9,10,15,14,15,13,12,16,9,6,6,7,5,10,6,4,11,13,5,3,3,9,4,5,3,1,6,5,5,11,0,7,5,2,1,1,0,3,3,2,1,0,4,6,2,1,1,1,0,5,10,7,15,6,2,3,4,3,3,3,7,0,0,1,4,0,0,1,2,0,0,0,1,2,0,0,0,0,1,4,0,1,0,0,0,0,0,0,0,0,1,1,0,8,0,0,1,3,4,4,12,17,21,31,21,20,21,49,34,53,26,23,27,33,24,23,17,21,19,25,29,23,24,33,11,28,17,16,30,19,16,8,18,12,20,9,21,12,18,19,7,20,17,9,10,7,8,12,21,6,6,8,8,9,14,16,21,22,21,13,14,22,24,23,22,32,30,14,10,15,11,8,8,8,5,3,7,7,5,7,8,1,1,0,3,1,3,2,2,1,5,0,0,3,0,0,0,0,0,0,0,0,0,0,0,0,2,5,1,0,0,2,2,12,13,4,6,3,2,3,6,3,0,0,1,2,4,0,1,0,0,6,3,18,7,15,12,15,32,21,33,40,37,28,19,15,43,26,37,29,20,17,44,51,40,53,69,45,32,43,35,38,27,53,30,20,28,29,39,
Fukushima,0,0,0,0,0,0,0,0,0,0,0,0,0,0,0,0,0,0,0,0,0,0,0,0,0,0,0,0,0,0,0,0,0,0,0,0,0,0,0,0,0,1,0,0,0,0,0,0,1,0,0,0,0,0,0,0,0,0,0,0,0,0,0,0,0,2,2,2,1,5,2,0,8,5,4,3,1,1,1,0,1,9,3,8,2,2,0,1,0,1,2,1,0,1,1,2,1,1,3,0,1,1,0,1,0,0,0,0,0,0,0,0,0,0,0,0,0,0,0,0,0,0,0,0,0,0,0,0,0,0,0,0,0,0,0,0,0,0,0,0,0,0,0,0,1,0,0,0,0,0,0,0,0,0,0,0,0,0,0,0,0,0,0,0,0,0,1,0,0,0,1,0,0,0,0,0,0,0,1,1,0,0,0,0,0,1,0,2,0,0,0,0,2,2,2,1,0,2,0,2,1,1,3,0,1,3,4,7,2,2,1,3,6,5,7,5,6,1,3,6,1,4,1,2,3,1,5,2,5,9,4,4,3,3,3,1,0,0,3,4,1,2,4,10,0,5,4,0,2,0,10,0,4,2,3,7,8,8,7,12,3,2,5,8,15,12,3,7,0,5,4,1,6,1,0,1,0,0,0,1,0,1,12,0,8,1,2,3,3,0,1,2,7,3,4,3,3,12,5,8,8,2,2,1,1,6,4,6,3,2,0,5,3,6,13,12,1,7,7,10,17,17,12,11,15,21,14,10,15,35,22,4,24,19,43,21,21,10,11,17,20,12,13,14,25,25,40,29,38,39,46,28,23,23,38,36,37,38,21,14,35,16,14,36,26,14,29,25,15,14,11,9,8,2,13,9,9,7,3,3,7,6,11,13,9,6,6,3,7,12,6,5,0,4,9,5,8,21,12,16,15,7,38,34,19,11,24,10,16,23,16,9,14,15,6,7,23,19,14,33,14,13,9,35,17,46,24,3,12,6,20,22,34,28,21,29,21,45,22,53,17,15,11,13,30,20,47,21,37,22,27,27,33,54,33,17,18,21,43,44,49,35,56,49,43,52,38,71,69,74,68,38,95,53,39,61,31,23,20,43,35,33,26,21,22,13,28,18,15,16,12,13,5,14,10,11,9,11,13,6,15,12,9,3,13,4,3,11,9,13,10,11,10,6,12,11,8,18,11,13,4,14,23,22,13,22,12,11,27,17,20,25,16,9,9,16,17,14,16,16,11,8,23,14,24,23,37,52,41,80,86,87,84,76,75,114,95,106,79,99,81,81,57,91,230,116,121,115,64,99,117,95,108,109,94,96,74,95,88,110,93,70,47,57,75,74,
Ibaraki,0,0,0,0,0,0,0,0,0,0,0,0,0,0,0,0,0,0,0,0,0,0,0,0,0,0,0,0,0,0,0,0,0,0,0,0,0,0,0,0,0,0,0,0,0,0,0,0,0,0,0,1,1,1,0,0,0,2,5,0,0,3,3,0,4,4,18,2,10,5,5,7,6,0,4,10,10,8,1,6,3,4,8,4,4,4,3,5,2,4,1,3,0,1,1,0,2,0,0,2,1,0,0,0,0,0,0,0,0,0,0,0,0,0,0,0,0,0,0,0,0,0,0,0,0,0,0,0,0,0,0,0,0,0,0,0,0,0,0,0,0,0,0,0,0,0,2,0,0,0,0,0,2,0,1,1,0,0,2,6,1,0,3,1,1,1,7,0,3,3,2,5,2,4,5,5,1,4,5,2,2,0,3,2,15,9,12,14,14,14,5,7,10,12,12,12,17,6,3,10,15,12,7,2,4,7,13,3,11,8,5,4,5,12,8,6,4,2,1,4,6,4,8,6,10,0,5,1,4,13,3,3,2,2,2,3,1,1,1,3,2,1,1,1,5,1,11,3,5,2,9,3,5,1,4,12,5,2,6,3,1,0,5,4,4,2,3,0,2,1,4,2,2,2,2,1,6,7,7,4,2,3,2,4,10,7,10,12,7,9,20,26,26,40,21,10,55,39,28,40,66,47,32,26,36,50,45,66,31,23,50,44,37,85,31,24,12,34,14,19,24,38,14,25,18,23,28,17,19,16,16,19,19,39,27,27,27,31,43,37,28,42,20,52,32,67,71,90,127,109,84,67,70,77,104,159,106,89,63,66,83,83,78,132,46,45,49,84,60,86,69,63,28,29,39,64,56,58,50,31,40,33,47,22,19,38,19,21,26,39,22,38,46,14,16,58,13,28,30,15,53,18,34,37,44,28,21,22,26,33,36,43,17,18,10,25,40,47,38,33,22,19,33,45,37,35,33,51,23,29,37,25,35,31,45,16,16,46,39,38,39,43,17,30,51,59,52,64,47,52,33,62,87,63,82,76,35,48,70,58,45,65,63,46,31,36,26,49,67,41,40,73,70,68,67,62,68,80,31,59,62,53,49,53,26,51,66,50,47,50,28,16,25,38,22,45,27,34,24,14,24,25,15,84,24,12,15,23,15,21,33,17,5,19,20,38,56,31,37,14,26,27,27,23,28,30,12,17,24,26,35,37,35,20,36,37,48,60,45,34,27,57,77,86,54,44,63,86,96,193,166,222,172,202,172,197,290,185,283,256,299,217,223,180,274,335,391,238,186,260,345,296,355,365,336,276,247,275,271,328,281,221,227,160,215,220,
Tochigi,0,0,0,0,0,0,0,0,0,0,0,0,0,0,0,0,0,0,0,0,0,0,0,0,0,0,0,1,0,0,0,0,0,0,0,0,0,0,0,1,0,0,0,0,0,0,0,0,0,0,0,0,1,0,1,0,0,0,2,4,1,0,0,1,0,1,1,0,3,0,0,0,1,6,5,2,2,0,1,1,2,4,3,0,0,5,2,1,0,0,0,2,0,0,0,0,0,0,0,0,0,0,0,2,0,0,0,0,0,0,4,0,0,0,1,1,2,1,0,0,1,0,0,0,0,0,0,0,1,0,0,0,0,0,0,0,0,0,0,0,0,0,0,0,0,0,0,0,0,0,0,0,0,3,5,2,3,3,2,2,0,1,0,1,2,0,3,0,2,3,5,4,5,6,6,9,3,3,3,5,4,8,4,4,2,16,6,4,0,4,3,5,17,6,8,5,3,3,3,9,4,4,0,7,1,5,2,2,2,0,1,0,0,5,1,7,1,0,0,3,1,0,2,0,1,4,2,3,4,5,10,0,21,9,1,6,1,9,2,13,1,6,3,15,1,0,0,1,3,1,1,2,2,1,4,1,0,0,2,0,0,0,8,1,5,5,2,1,5,2,0,3,0,1,0,3,2,2,3,2,0,1,2,1,1,2,2,0,1,4,2,2,2,4,3,1,6,4,15,8,8,14,1,11,11,4,8,12,15,4,26,24,14,17,13,17,16,17,18,22,17,21,10,10,35,23,30,21,13,20,17,34,33,24,35,42,28,31,83,56,73,56,56,72,69,111,132,130,150,138,118,106,82,141,77,96,96,54,84,94,44,49,54,40,29,18,41,38,34,44,24,16,3,17,12,27,24,17,10,3,14,20,9,11,16,8,9,10,9,15,7,16,9,0,11,12,13,5,12,3,8,12,7,11,14,12,9,6,22,13,17,18,18,24,4,17,30,19,36,29,3,9,20,16,7,30,22,19,16,29,48,21,32,41,24,21,24,24,25,41,29,7,14,13,31,22,20,30,11,12,23,25,22,23,26,28,15,39,29,31,10,31,21,19,20,28,16,36,51,29,28,22,32,49,51,43,20,22,43,37,36,46,34,18,27,28,47,43,52,25,26,13,33,27,25,23,25,13,21,28,34,32,26,34,9,17,25,15,11,23,14,15,15,29,22,19,27,37,20,18,19,29,27,29,28,11,14,25,14,19,17,20,13,10,28,18,13,26,48,12,23,20,42,33,40,31,43,53,108,102,142,120,170,63,75,139,178,135,138,164,98,95,101,166,171,174,195,112,76,177,200,273,262,244,195,101,223,220,227,167,206,155,69,132,164,114,
Gunma,0,0,0,0,0,0,0,0,0,0,0,0,0,0,0,0,0,0,0,0,0,0,0,0,0,0,0,0,0,0,0,0,0,0,0,0,0,0,0,0,0,0,1,0,0,0,1,1,2,0,1,3,1,0,1,0,0,0,2,1,0,0,0,3,1,0,2,0,3,1,0,0,5,0,0,6,0,2,53,0,2,0,14,0,1,8,1,8,4,5,0,1,5,0,0,1,0,0,0,0,0,0,1,0,0,0,0,6,0,0,0,0,0,0,1,0,0,1,0,0,0,0,0,0,0,0,0,0,0,0,0,2,0,0,0,0,0,0,0,0,0,0,0,0,0,0,0,0,0,0,1,0,0,0,0,0,1,0,0,1,1,0,0,0,0,0,0,0,0,2,0,4,3,2,1,0,0,2,5,3,0,2,0,0,3,1,4,3,1,1,2,3,5,6,6,7,5,8,4,7,9,16,9,19,9,15,15,14,10,13,6,4,8,16,18,6,2,3,3,5,6,12,8,3,8,9,5,5,4,12,24,6,6,14,24,11,27,15,19,7,13,1,4,8,2,1,0,0,2,5,13,6,3,0,5,2,6,6,8,4,2,2,0,1,2,3,5,11,12,9,14,19,19,9,3,4,10,6,4,6,1,1,3,5,3,5,6,1,2,5,5,5,9,0,5,5,3,10,20,22,17,12,8,16,18,30,31,29,18,12,32,44,29,29,30,17,13,32,49,44,46,40,40,31,25,63,48,48,30,36,17,23,28,43,53,37,38,21,29,56,37,24,42,31,37,44,59,83,100,63,74,36,40,58,60,80,90,54,37,48,52,65,53,36,23,32,13,52,33,41,31,61,25,38,39,53,43,27,22,14,21,29,22,13,18,34,17,14,28,14,15,9,13,6,21,14,6,37,32,11,15,11,17,21,12,17,6,10,6,16,11,20,19,10,12,10,27,25,16,25,11,12,18,20,21,23,16,14,20,23,21,24,34,16,30,7,13,25,35,17,39,14,28,20,56,31,28,36,21,13,32,40,36,35,49,38,30,49,64,70,77,81,80,61,62,54,55,96,113,89,63,74,104,91,50,66,51,36,65,67,61,36,56,58,21,36,64,38,24,30,19,9,17,23,18,23,10,5,11,6,17,8,12,6,4,3,6,4,2,2,3,4,1,6,3,0,4,5,4,3,3,4,1,5,6,3,2,1,6,6,5,14,3,3,9,6,7,11,10,9,11,11,35,16,27,24,32,26,52,70,103,106,136,104,40,148,204,158,120,182,117,91,102,173,166,252,218,177,119,238,314,317,304,325,301,151,265,254,337,238,367,162,63,196,180,176,
Saitama,0,0,0,0,0,0,0,0,0,0,0,0,0,0,0,0,0,0,0,0,0,0,0,0,0,0,0,0,0,0,0,0,0,0,0,0,0,0,0,2,3,0,1,0,5,2,6,2,7,0,0,5,1,4,3,3,6,1,7,1,7,6,6,5,1,16,2,8,24,19,24,22,12,35,32,56,22,40,28,22,49,50,37,32,35,21,10,33,38,16,18,20,17,9,10,9,12,14,7,5,3,8,27,9,9,5,14,1,3,4,3,4,5,2,2,5,1,2,1,0,1,1,0,3,1,3,1,0,0,2,1,1,1,0,1,1,6,3,2,0,2,0,1,1,2,1,5,7,4,12,9,11,16,11,8,13,10,14,19,26,27,21,16,27,48,22,44,36,32,26,42,38,49,51,48,38,28,47,62,64,45,35,33,23,55,54,57,57,75,74,49,49,64,65,50,84,56,42,36,45,56,56,52,56,35,24,62,70,51,66,31,30,35,54,69,56,55,42,25,46,40,42,24,22,21,14,12,25,30,25,36,22,16,19,29,20,24,23,16,15,14,12,21,27,23,35,20,25,28,33,30,50,35,20,20,39,45,28,100,30,18,31,47,57,52,45,40,22,32,50,45,40,41,17,34,29,44,39,61,29,33,26,30,36,38,114,69,44,51,67,116,75,83,104,80,87,88,126,108,96,172,113,89,43,99,159,103,118,138,65,103,150,149,163,168,162,90,172,145,187,184,199,143,102,170,179,196,201,226,158,117,196,230,251,296,265,211,184,298,244,330,220,213,205,243,368,394,460,496,517,414,347,261,391,455,490,582,433,328,422,411,436,358,325,285,251,253,247,292,256,306,243,159,247,257,241,227,206,187,121,173,169,172,124,164,131,94,114,130,210,141,121,84,101,105,59,111,101,118,97,61,102,98,123,90,114,123,65,106,135,126,155,183,77,72,96,132,115,135,133,79,60,136,121,113,135,124,114,102,107,152,132,163,149,135,86,116,158,154,131,142,139,96,156,145,188,163,207,166,118,207,227,233,207,229,211,109,183,224,256,146,236,290,198,185,165,179,238,285,279,155,278,259,289,257,246,217,135,186,192,228,182,181,165,83,128,164,130,105,155,122,67,114,132,122,102,119,81,44,83,121,110,87,83,65,41,70,87,79,64,79,72,53,93,108,119,100,96,85,68,76,109,142,125,116,124,76,137,157,155,150,147,163,110,178,243,328,290,318,287,199,314,381,510,401,345,449,449,594,870,864,853,1036,899,762,1053,1201,1235,1220,1449,1364,1160,1166,1227,1528,1696,1800,1773,1301,1634,1451,2169,1824,1875,1696,1332,1316,1614,1709,1524,1608,1463,1106,996,1203,1115,
Chiba,0,0,0,0,1,0,0,0,0,1,1,0,0,0,0,0,1,0,1,0,0,0,0,0,0,1,1,3,1,0,0,3,0,0,0,1,0,0,1,0,1,5,0,1,1,2,2,2,2,1,0,0,2,2,6,1,2,3,1,5,3,8,86,8,6,7,11,12,17,27,26,17,13,34,30,33,36,44,19,16,46,43,30,43,19,23,20,23,21,17,8,8,7,9,4,9,6,6,5,5,1,2,5,3,3,0,3,3,2,0,2,8,0,2,0,1,3,1,0,0,0,0,2,1,0,1,2,0,1,1,0,1,0,3,0,3,2,3,3,1,0,0,0,1,3,0,2,0,2,3,4,4,4,5,3,4,7,6,11,9,15,7,9,11,9,22,12,13,31,17,25,29,32,20,33,23,18,15,40,33,26,21,22,24,23,50,49,35,73,51,43,47,50,76,66,53,46,41,18,34,46,51,61,48,32,37,46,65,53,43,37,28,33,43,45,41,33,39,17,18,24,33,35,28,23,14,32,23,28,31,45,20,11,30,37,34,40,46,35,14,18,20,26,31,38,21,16,40,34,38,34,42,37,22,41,44,39,39,35,43,11,24,31,54,43,33,25,18,40,49,43,54,41,36,25,44,41,43,34,37,24,21,40,30,58,42,61,44,32,49,65,74,60,88,60,77,79,66,106,90,109,80,59,42,73,82,107,113,75,67,74,76,82,75,74,78,53,80,91,151,116,121,111,80,119,123,149,150,130,119,118,152,147,286,298,59,106,175,217,239,230,144,237,225,197,265,343,618,561,188,405,347,458,610,576,139,506,435,381,529,497,550,224,411,329,291,340,258,314,340,317,212,192,222,238,204,240,227,121,155,98,145,127,117,98,108,136,145,130,150,146,123,163,99,90,127,107,113,151,132,127,87,164,107,137,108,113,73,82,106,122,105,130,106,76,76,90,122,129,99,88,97,72,108,98,135,97,92,110,81,106,101,105,90,124,88,62,76,94,102,94,98,103,62,97,144,155,156,145,106,106,112,141,139,147,146,90,129,144,152,192,95,182,148,124,121,111,99,162,152,172,119,181,171,169,140,135,128,89,132,114,168,126,84,82,99,123,121,119,100,93,89,63,109,99,121,137,76,68,81,106,102,113,79,105,91,87,113,124,135,119,103,85,74,131,129,126,108,108,121,92,156,139,149,157,141,112,138,139,200,180,204,183,114,180,208,253,277,244,254,234,199,302,343,334,301,279,508,405,577,576,753,792,767,786,781,840,941,1057,1075,988,951,858,953,1038,1089,1272,1373,1609,1303,1692,1408,1778,1761,1246,1504,1134,1451,1396,1489,1630,1207,1030,1280,1134,1089,
Tokyo,0,0,0,0,0,0,0,0,0,0,0,0,0,0,0,0,0,0,0,0,0,0,0,3,3,0,3,1,0,3,0,3,1,0,1,2,0,1,4,8,6,6,0,0,3,6,2,2,10,3,0,12,9,7,11,7,3,16,36,41,46,21,64,72,12,79,67,98,92,118,141,85,87,155,182,199,200,174,100,159,127,150,204,185,108,102,125,123,134,171,119,82,41,114,46,59,165,154,93,88,57,37,23,39,36,22,15,27,10,30,9,14,5,10,5,5,11,2,3,14,8,10,11,15,21,14,5,13,34,12,28,20,26,14,13,12,18,22,25,24,47,48,27,16,41,35,39,34,29,31,55,48,54,57,60,58,54,67,107,124,131,111,102,106,75,224,243,206,206,118,143,165,286,293,290,188,168,237,238,366,260,295,239,131,266,250,367,462,472,292,258,309,263,360,461,429,331,197,188,222,206,389,385,260,161,207,186,339,258,256,212,95,182,236,250,226,247,148,100,170,141,211,136,181,116,76,170,149,276,187,226,146,80,191,163,171,220,218,162,97,88,59,193,195,269,144,78,211,194,234,196,205,107,65,176,140,248,203,248,146,78,166,177,284,183,235,132,78,139,145,185,186,201,124,102,158,171,220,203,215,116,87,209,122,269,242,294,189,156,293,316,392,374,352,255,180,298,486,531,522,539,390,315,188,402,482,570,561,419,312,370,501,532,459,584,328,301,354,574,601,596,621,481,305,457,681,822,664,736,556,397,570,758,895,890,954,708,491,869,961,1353,793,829,826,905,1315,1640,2520,2459,2332,1510,1252,1025,1480,1552,2044,1839,1595,1217,1253,1286,1485,1184,1079,986,619,1026,976,1065,871,770,634,393,556,676,734,577,639,429,276,412,491,434,307,369,371,266,350,378,445,353,327,272,178,275,213,340,270,337,329,121,232,316,279,301,293,237,116,290,340,335,304,330,239,175,300,409,323,303,342,256,187,337,420,394,376,430,313,234,364,414,475,440,446,355,249,399,555,545,537,570,421,306,510,591,729,667,759,543,405,711,843,861,759,876,635,425,828,925,1027,698,1050,879,708,609,621,591,907,1121,1032,573,925,969,1010,854,772,542,419,732,766,843,649,602,535,340,542,743,684,614,539,448,260,471,487,508,472,436,351,235,369,440,439,435,467,304,209,337,501,452,453,388,376,236,435,619,570,562,534,386,317,476,714,673,660,716,518,342,593,920,896,822,950,614,502,830,1149,1308,1271,1410,1008,727,1387,1832,1979,1359,1128,1763,1429,2848,3177,3865,3300,4058,3058,2195,3709,4166,5042,4515,4566,4066,2884,2612,4200,4989,5773,5094,4295,2962,4377,5386,5534,5405,5074,4392,2447,4220,4228,4704,4227,3581,3081,1915,2909,3168,3099,
Kanagawa,0,0,0,0,0,0,0,0,0,0,0,0,0,0,0,0,0,1,1,1,0,0,1,1,2,2,3,0,0,5,0,1,3,2,0,3,4,1,0,4,5,1,0,0,2,3,3,1,0,5,0,4,1,6,2,4,5,0,6,4,6,10,13,9,3,14,19,25,31,21,27,6,19,66,28,53,76,31,15,20,40,55,34,44,30,16,15,24,39,32,31,16,7,10,26,26,15,44,15,10,14,7,13,7,8,13,7,15,10,32,16,12,5,8,8,18,13,7,5,5,1,3,5,8,10,4,6,1,3,2,6,6,5,5,0,1,0,1,3,6,0,3,2,7,6,2,5,0,0,1,4,6,7,4,9,7,31,6,13,24,20,20,12,8,23,25,32,35,23,16,26,43,47,43,49,30,11,30,68,53,28,18,33,14,33,70,76,53,58,72,48,89,81,118,107,107,102,37,27,66,123,117,136,80,51,84,95,104,82,101,49,39,56,85,66,75,106,64,50,59,76,81,108,67,79,29,63,106,112,82,68,53,15,52,101,65,78,68,60,20,38,11,58,78,90,65,17,58,79,78,66,59,37,11,65,54,65,77,63,37,29,54,88,79,85,50,49,23,47,88,55,90,59,60,22,64,64,71,59,65,65,22,68,44,109,104,137,77,36,98,130,147,146,147,114,61,133,226,205,208,192,163,70,67,159,252,219,214,149,83,158,214,197,188,191,134,65,152,245,213,285,223,231,121,226,287,319,295,314,238,188,348,346,494,466,479,343,334,395,432,587,470,380,365,412,622,591,679,838,995,727,694,905,767,984,871,829,794,957,737,716,731,627,521,553,351,394,386,433,385,397,390,221,187,234,224,288,201,164,121,141,176,178,154,105,108,71,133,115,142,129,131,100,96,97,93,119,116,162,131,52,84,138,138,131,113,119,59,100,124,124,107,95,109,55,91,93,159,111,107,77,56,72,128,121,117,102,64,93,96,137,133,133,129,142,68,100,118,175,168,180,132,94,114,205,242,209,247,220,142,157,252,318,226,216,221,160,212,257,255,240,275,247,222,214,152,224,230,303,338,237,277,319,337,340,328,296,199,248,269,308,327,269,266,219,200,225,227,260,258,233,139,159,218,215,234,224,249,173,179,202,189,220,247,170,141,160,210,185,231,182,162,135,163,201,192,221,231,204,192,181,209,211,230,254,226,180,198,250,322,355,310,389,280,308,361,403,446,539,460,412,433,522,630,652,547,531,539,758,1051,1164,1418,1580,1257,1686,1298,1484,1845,2082,1893,1860,2166,1572,1561,1807,2281,2356,2080,2584,2017,2021,2340,2878,2705,2524,2579,1947,2304,2632,2662,2378,2362,1719,1541,1921,1738,
Niigata,0,0,0,0,0,0,0,0,0,0,0,0,0,0,0,0,0,0,0,0,0,0,0,0,0,0,0,0,0,0,0,0,0,0,1,0,1,3,0,1,0,0,0,2,3,0,3,0,2,0,1,4,1,2,1,2,0,0,1,1,0,1,1,0,0,0,1,0,3,0,0,0,2,1,3,0,1,0,0,3,1,1,6,3,0,0,2,3,1,4,1,4,0,5,0,0,2,0,0,0,1,0,0,3,0,0,0,0,0,0,1,0,0,0,0,0,0,0,0,0,0,0,0,0,0,0,0,0,0,0,0,0,0,0,0,0,0,0,0,0,0,0,0,0,1,0,0,0,0,0,0,0,0,0,0,0,0,0,0,0,1,0,0,0,1,0,0,1,0,0,0,2,0,0,1,0,0,0,2,0,0,0,2,0,3,3,4,8,3,2,3,1,0,2,4,2,0,0,0,1,0,0,0,0,1,3,3,2,0,1,1,0,0,0,1,1,1,0,0,1,1,0,0,1,0,0,1,1,0,0,1,1,0,2,2,5,3,1,3,0,0,0,3,0,2,0,0,0,0,0,0,0,0,0,0,1,5,0,1,2,0,0,0,1,0,0,0,0,0,0,0,0,1,1,0,0,0,1,0,1,0,0,0,0,2,1,2,7,3,2,16,6,2,0,2,0,33,14,1,11,9,6,13,3,8,1,1,3,2,0,5,4,8,2,4,2,3,4,6,5,6,10,10,8,6,4,3,7,7,5,3,5,9,15,14,17,2,0,15,12,8,5,10,10,7,10,20,9,16,13,21,18,18,23,19,15,7,6,0,14,7,20,23,7,7,5,6,12,21,11,5,6,1,10,7,13,2,7,3,2,10,7,14,7,10,2,3,3,8,5,4,2,2,0,9,11,3,15,6,4,5,6,1,3,10,5,7,7,15,13,10,12,6,2,6,8,18,12,19,11,18,21,18,11,24,17,16,12,8,28,33,25,30,17,23,10,20,34,33,28,27,20,9,32,37,36,40,33,24,12,34,48,31,44,37,32,15,25,25,31,13,22,30,47,19,29,20,28,50,38,23,55,49,49,30,42,34,11,33,32,26,31,32,33,21,28,24,23,17,20,19,8,23,18,19,10,13,8,2,6,10,16,9,17,5,2,7,5,6,1,1,0,0,3,3,2,2,3,0,1,0,3,2,5,6,9,4,7,14,9,6,12,14,3,6,18,19,14,18,11,8,36,24,37,14,28,24,25,41,51,53,42,58,48,31,61,78,72,88,82,73,50,81,74,104,129,98,75,58,69,116,132,107,127,85,66,113,159,125,136,115,82,53,63,78,64,
Toyama,0,0,0,0,0,0,0,0,0,0,0,0,0,0,0,0,0,0,0,0,0,0,0,0,0,0,0,0,0,0,0,0,0,0,0,0,0,0,0,0,0,0,0,0,0,0,0,0,0,0,0,0,0,0,0,0,0,0,0,0,0,0,0,0,0,2,3,3,0,2,0,1,1,2,7,2,7,0,19,1,5,10,14,3,10,4,19,22,12,7,13,8,2,2,9,7,4,4,4,3,3,1,0,1,4,0,0,0,1,2,0,1,0,2,0,0,0,0,0,0,0,0,0,0,0,0,0,0,0,0,0,0,0,0,0,0,0,0,0,0,0,0,0,0,0,0,0,0,0,0,0,0,0,0,0,0,0,0,1,0,0,0,0,1,0,1,0,0,0,0,0,0,0,0,1,0,0,2,1,1,0,0,0,1,0,0,2,0,5,1,4,6,7,5,5,11,6,1,4,0,5,3,6,0,1,11,8,6,3,2,2,1,8,8,11,2,9,4,4,7,2,4,1,1,0,0,3,2,0,1,0,0,0,0,0,0,1,1,0,0,0,0,0,0,2,0,0,5,1,1,2,1,0,0,0,0,0,0,0,0,0,0,0,0,0,0,0,0,0,0,0,0,0,0,0,0,0,0,1,0,0,0,0,0,0,1,0,0,0,0,1,0,0,0,3,0,1,1,5,5,1,1,3,1,1,3,3,4,1,1,0,1,1,0,0,1,0,0,0,2,6,0,4,1,1,2,3,4,3,5,11,0,4,21,10,1,3,6,0,3,9,5,9,3,14,19,38,17,25,7,25,11,15,11,14,13,12,6,8,5,10,8,7,4,4,1,1,8,6,5,2,2,1,3,0,2,2,0,1,1,1,1,2,1,0,1,4,3,0,2,1,4,0,1,2,0,0,0,0,0,0,0,0,2,0,1,1,0,0,0,0,0,3,0,0,1,2,0,0,5,1,0,2,4,3,0,3,1,1,3,2,1,3,6,3,10,4,29,7,16,18,7,8,5,11,14,20,20,24,10,11,21,16,27,15,10,9,16,12,13,15,14,17,11,9,6,4,8,10,10,12,8,17,6,14,25,20,18,21,34,31,30,32,64,19,15,26,20,21,19,6,6,14,10,7,7,9,6,4,10,7,5,1,5,5,5,5,5,11,15,6,3,8,1,8,3,5,2,1,0,3,1,1,0,0,0,3,4,2,5,1,1,0,1,7,2,4,3,4,6,2,15,9,12,15,3,15,15,7,21,24,37,27,21,14,19,31,53,64,46,47,33,35,46,71,63,60,70,77,78,121,147,117,132,105,70,68,120,91,86,76,46,42,36,46,37,
Ishikawa,0,0,0,0,0,0,0,0,0,0,0,0,0,0,0,0,0,0,0,0,0,0,0,0,0,0,1,1,0,2,0,0,1,1,0,0,0,0,0,0,0,0,0,1,0,0,0,0,0,0,0,0,0,0,1,0,0,0,0,0,0,0,1,0,2,2,2,1,8,8,11,2,6,15,6,20,12,9,8,10,9,6,11,16,5,2,10,9,17,6,2,5,7,9,5,1,3,6,4,3,1,3,4,0,2,1,2,3,1,0,1,1,1,0,3,0,2,2,1,0,0,1,0,1,1,0,0,0,0,0,0,1,0,0,0,0,0,0,0,0,0,0,0,0,0,0,0,0,1,0,0,0,0,0,0,0,0,0,0,0,0,0,0,0,0,0,0,0,0,0,0,0,0,1,2,0,0,3,0,1,3,0,3,0,1,2,4,1,1,1,0,1,0,6,1,11,22,12,14,9,13,13,13,18,19,11,14,24,8,18,16,7,12,7,13,8,7,4,2,27,13,11,4,16,7,4,4,6,4,2,6,0,1,5,0,6,2,6,4,2,4,1,2,8,2,3,0,0,0,1,0,0,0,1,0,0,0,2,0,0,0,2,4,1,1,5,2,0,0,0,0,2,0,1,1,1,3,0,3,4,2,0,1,0,2,1,3,3,1,1,1,2,0,1,2,0,0,0,1,0,2,2,0,1,2,5,3,0,4,3,6,2,1,2,3,5,2,5,5,4,11,8,3,6,6,8,8,9,7,6,7,7,6,18,12,12,12,6,10,14,7,13,13,8,14,20,12,25,17,15,19,6,5,10,19,20,22,16,12,19,17,20,10,13,6,1,14,5,5,4,4,7,4,7,11,10,25,14,30,7,10,16,25,15,16,30,11,21,14,15,17,18,12,6,14,12,8,11,4,6,6,5,8,3,3,1,0,0,2,0,0,0,4,3,0,1,0,1,3,2,1,0,1,1,3,1,1,0,0,1,9,5,14,11,11,5,16,14,5,22,16,18,12,13,21,19,35,16,18,10,23,33,31,30,37,20,15,18,29,39,0,53,40,29,29,21,37,47,80,63,50,41,71,56,45,45,59,16,43,36,28,25,55,36,23,101,36,18,41,22,14,25,20,18,9,11,14,15,4,7,4,7,7,1,6,5,3,4,7,7,10,1,2,6,2,4,1,0,1,1,1,1,4,6,8,5,11,7,9,13,14,15,11,11,16,33,21,41,33,23,25,23,66,62,47,35,72,79,72,119,94,110,90,81,56,85,118,73,78,82,55,71,33,75,98,94,86,74,46,66,89,83,82,69,66,48,70,67,56,64,59,58,26,40,64,41,
Fukui,0,0,0,0,0,0,0,0,0,0,0,0,0,0,0,0,0,0,0,0,0,0,0,0,0,0,0,0,0,0,0,0,0,0,0,0,0,0,0,0,0,0,0,0,0,0,0,0,0,0,0,0,1,0,0,0,0,0,0,2,3,3,3,1,2,5,1,9,12,4,7,6,6,7,5,5,4,2,4,0,8,3,1,2,6,1,5,1,0,1,0,1,0,1,0,0,0,0,0,0,0,0,0,0,0,0,0,0,0,0,0,0,0,0,0,0,0,0,0,0,0,0,0,0,0,0,0,0,0,0,0,0,0,0,0,0,0,0,0,0,0,0,0,0,0,0,0,0,0,0,0,0,0,0,0,0,0,0,0,0,0,0,0,0,0,0,0,0,1,1,0,1,0,1,0,0,0,0,0,1,0,0,2,0,0,6,2,2,0,1,2,3,4,3,1,0,1,0,0,0,0,0,0,1,0,0,0,1,1,4,2,1,7,6,13,16,5,11,6,4,4,2,3,2,0,0,1,0,0,0,0,0,0,0,0,0,0,0,0,0,0,0,0,0,0,0,0,0,0,0,0,0,0,0,2,1,1,1,0,0,0,0,0,1,4,0,2,0,0,0,0,0,0,0,0,0,0,0,0,1,0,0,0,0,0,0,1,1,3,4,2,1,2,1,0,2,4,11,6,3,2,2,1,1,1,4,3,2,0,2,3,0,1,1,0,0,1,4,3,2,0,0,1,0,1,4,0,0,0,0,0,0,1,1,4,2,1,2,2,3,2,0,4,0,1,2,14,4,7,10,0,2,0,3,9,25,7,4,9,5,1,5,4,5,4,4,12,8,2,3,1,4,3,0,0,2,0,2,0,1,6,0,0,0,2,0,0,1,4,2,5,0,0,0,0,2,0,0,1,0,0,0,0,0,0,0,0,1,0,0,0,0,0,0,0,1,2,0,1,3,0,0,0,0,0,15,0,2,3,10,6,6,2,13,6,3,7,2,11,8,6,4,2,6,10,9,19,7,19,12,12,26,38,14,12,6,9,5,6,4,2,9,14,8,4,5,6,13,11,9,6,2,1,9,6,9,2,4,2,9,4,4,6,3,4,3,7,0,1,2,0,3,0,7,3,2,1,1,1,0,3,1,3,0,1,2,4,3,5,11,8,22,20,17,25,25,17,18,11,8,12,17,12,15,9,3,4,4,6,6,4,22,16,4,6,4,6,3,4,5,0,3,2,8,6,5,27,18,13,17,27,30,29,25,34,43,28,22,35,32,26,30,21,15,18,19,29,31,17,34,29,31,37,30,31,28,41,56,48,47,41,32,29,32,26,17,
Yamanashi,0,0,0,0,0,0,0,0,0,0,0,0,0,0,0,0,0,0,0,0,0,0,0,0,0,0,0,0,0,0,0,0,0,0,0,0,0,0,0,0,1,1,0,0,0,0,0,0,0,0,0,0,0,0,0,0,0,0,0,2,0,0,0,0,0,1,0,2,1,2,4,1,4,5,3,3,3,1,1,2,3,3,2,2,2,0,1,0,0,1,0,1,0,0,0,0,0,0,1,2,1,0,0,0,0,0,0,0,2,0,0,0,0,1,2,0,0,0,0,0,0,0,0,4,0,0,0,0,1,0,0,0,1,1,0,1,0,0,1,1,1,0,1,0,0,0,0,0,0,0,0,0,2,0,0,0,0,1,0,0,0,0,0,0,0,0,1,0,0,0,0,0,1,0,0,1,1,1,0,5,1,0,0,2,2,0,4,3,4,2,4,2,5,10,3,2,1,2,0,3,1,3,1,0,2,7,10,3,1,1,3,1,1,3,0,0,0,1,0,0,0,1,0,1,1,1,1,0,1,0,0,0,0,0,1,0,0,0,0,0,0,0,0,1,0,1,1,3,4,3,0,1,0,1,1,0,0,0,0,1,0,2,0,0,0,0,0,0,0,3,0,1,0,0,3,3,3,0,1,3,0,2,0,3,4,4,4,8,2,10,14,8,6,0,2,5,3,1,6,7,11,4,7,7,4,0,2,0,0,6,9,9,19,11,21,9,7,2,6,3,6,5,0,3,5,4,4,6,11,4,0,4,10,7,6,3,7,12,10,13,8,8,5,7,17,17,19,35,36,20,16,7,20,21,21,13,10,8,9,9,5,5,6,4,0,3,11,0,0,2,0,1,0,1,5,1,1,0,4,1,4,0,1,7,1,1,1,0,4,2,1,0,0,1,0,3,0,0,0,0,0,1,1,0,0,0,0,0,0,0,5,2,2,1,2,1,1,0,1,0,0,0,0,0,0,2,0,4,3,3,1,12,3,5,0,3,4,5,11,7,5,4,1,7,14,7,2,9,3,7,17,7,12,4,14,7,10,21,18,6,19,15,12,9,4,4,11,18,14,15,20,13,17,12,11,9,7,6,14,10,14,7,13,8,5,10,16,16,11,5,5,7,8,10,8,21,47,28,12,43,18,32,40,15,9,7,14,6,13,35,46,19,24,14,17,23,14,12,2,6,4,4,5,7,11,0,1,10,4,5,9,3,4,11,2,2,1,5,3,3,3,7,7,14,14,12,24,11,23,23,28,31,30,43,46,47,49,67,73,79,44,37,38,54,66,73,83,63,56,89,93,84,103,87,87,58,86,85,72,76,77,48,45,72,43,46,
Nagano,0,0,0,0,0,0,0,0,0,0,0,0,0,0,0,0,0,0,0,0,0,0,0,0,0,0,0,0,0,0,1,1,0,0,0,0,0,0,0,0,1,0,0,0,0,0,0,0,1,0,0,0,0,0,0,0,0,0,1,0,0,1,0,2,0,0,0,0,1,1,1,2,0,5,2,6,1,1,7,1,2,6,2,0,5,1,2,2,3,4,2,0,1,1,0,0,0,4,0,2,0,1,0,1,1,0,0,1,0,0,0,0,0,0,0,0,0,0,0,0,0,0,0,0,0,0,0,0,0,0,0,0,0,0,0,0,0,0,0,0,0,0,0,0,0,1,0,0,0,0,0,0,0,0,0,0,0,0,0,0,0,0,0,0,0,0,0,0,1,1,0,1,1,2,1,0,0,2,0,0,1,1,4,0,6,4,1,2,6,6,2,3,3,1,1,0,4,1,2,5,1,5,3,0,1,1,2,2,9,6,3,11,2,9,6,19,18,12,7,5,7,12,4,2,1,3,2,1,2,1,0,0,0,1,2,0,0,2,0,2,0,0,0,0,0,2,0,0,4,1,1,1,1,0,0,3,1,1,2,0,0,0,0,0,3,3,0,0,0,1,2,1,1,3,0,0,1,3,1,2,2,1,5,1,0,1,16,3,14,3,6,13,23,19,13,10,24,30,20,22,25,14,12,11,9,16,16,21,12,15,18,12,12,14,12,17,20,15,25,29,17,32,16,20,14,15,7,10,10,13,4,3,8,10,17,17,21,3,11,23,20,23,11,25,18,44,50,79,67,41,68,73,51,35,51,57,61,52,25,14,49,25,27,26,29,9,23,23,17,12,12,8,2,8,16,5,9,1,6,3,2,5,0,0,0,0,2,2,0,3,2,4,0,0,0,1,0,4,1,0,0,0,0,0,4,1,5,0,5,6,4,10,8,10,14,8,25,14,18,17,19,10,10,29,33,37,28,32,20,22,43,32,27,46,33,23,25,48,39,48,38,45,21,29,62,39,62,57,35,20,20,35,55,40,40,20,6,21,42,21,29,21,44,21,19,16,9,47,46,37,15,25,38,36,43,40,40,23,27,62,37,35,48,38,29,14,35,35,13,21,10,11,18,16,18,8,15,11,3,8,15,13,6,10,4,2,4,4,5,5,7,10,7,7,17,5,5,11,4,1,3,5,1,0,2,0,2,4,4,5,3,2,1,3,2,5,1,4,6,5,6,5,9,8,5,8,10,13,23,16,29,35,41,39,37,44,61,63,60,49,41,42,40,73,84,109,100,99,60,85,152,158,136,150,122,77,93,125,107,117,101,58,40,62,78,58,
Gifu,0,0,0,0,0,0,0,0,0,0,0,0,0,0,0,0,0,0,0,0,0,0,0,0,0,0,0,0,0,0,0,1,1,0,0,0,0,0,0,0,0,0,0,0,0,0,0,0,0,0,0,1,0,0,0,0,2,3,3,1,3,2,2,1,4,1,6,5,3,6,6,8,9,9,7,9,13,6,7,6,5,5,1,1,2,0,5,3,2,0,0,0,0,0,0,0,0,1,0,0,0,0,0,0,0,0,0,0,0,0,0,0,0,0,0,0,0,0,0,0,0,0,0,0,0,0,0,1,0,0,0,0,0,0,1,1,0,0,0,0,0,1,0,1,0,0,1,0,0,0,0,0,0,0,0,0,0,1,3,0,0,0,0,0,0,2,0,0,0,0,3,1,2,4,1,4,3,14,6,8,8,4,11,9,25,30,17,19,13,7,11,17,21,20,15,15,15,7,3,9,8,8,11,1,4,4,3,9,1,5,1,4,5,1,2,0,4,0,0,3,4,1,1,0,0,0,2,2,1,5,6,12,2,2,0,0,0,1,0,2,1,3,3,5,5,0,6,1,3,1,0,2,1,0,1,0,0,1,1,1,1,1,2,2,2,0,0,2,3,4,9,8,3,1,0,0,0,5,4,5,1,6,5,2,10,16,3,6,7,13,10,20,11,4,9,14,13,19,20,15,21,7,14,7,30,16,29,20,21,17,21,26,42,34,32,18,15,40,36,45,25,55,37,11,35,41,44,53,36,13,17,35,56,56,38,45,45,45,74,67,83,56,36,58,52,98,102,91,83,105,64,50,35,75,91,78,89,52,46,65,55,57,43,42,29,39,61,49,53,27,28,19,17,36,51,24,37,25,21,28,21,28,15,17,13,23,13,26,12,13,11,3,11,9,12,13,8,3,3,3,10,9,9,5,6,9,3,0,6,3,1,3,4,2,0,5,8,5,6,6,1,5,12,18,12,16,17,12,5,11,16,11,15,16,12,11,18,19,18,24,23,14,7,35,27,34,56,38,17,25,36,35,43,41,57,40,31,53,56,72,29,96,60,64,44,63,77,130,121,104,128,126,134,127,155,139,117,70,140,132,108,89,82,62,46,84,73,70,60,63,54,42,70,74,71,34,43,22,25,22,23,24,22,31,10,11,14,13,13,22,17,9,5,18,11,13,6,9,2,3,5,3,4,7,4,8,2,3,4,4,4,5,3,8,9,18,4,19,5,6,1,14,11,14,15,12,7,15,18,31,23,34,18,26,18,54,43,55,45,67,49,56,58,123,122,135,123,130,116,324,338,322,310,345,276,179,382,382,384,308,341,268,200,322,278,229,
Shizuoka,0,0,0,0,0,0,0,0,0,0,0,0,0,0,0,0,0,0,0,0,0,0,0,0,0,0,0,0,0,0,0,0,0,1,0,0,0,0,0,0,0,0,0,0,1,0,1,0,0,0,0,0,0,0,0,0,0,0,0,0,0,0,0,0,4,1,4,1,2,1,0,0,5,5,5,5,2,2,5,1,1,0,2,0,3,0,0,4,1,1,1,1,1,5,1,3,2,0,0,0,0,0,0,0,0,0,0,0,0,0,0,0,0,0,0,0,1,0,0,1,0,0,0,1,0,0,0,0,0,0,0,0,0,0,0,0,1,1,0,0,0,0,1,1,0,1,0,0,0,0,0,0,0,0,0,1,0,0,0,5,0,0,0,2,1,2,1,0,2,0,2,1,2,3,2,4,1,5,5,5,7,30,25,14,18,16,16,19,20,18,2,16,9,9,2,7,12,6,7,10,3,9,11,7,1,7,6,2,0,6,5,5,7,7,12,6,2,0,0,2,2,1,2,7,0,0,0,5,4,1,0,0,0,2,5,3,5,2,3,0,0,0,0,4,4,2,0,2,7,7,3,6,1,0,0,6,1,0,1,0,1,0,1,4,3,3,0,2,0,3,2,3,4,0,4,9,15,16,10,10,4,1,14,5,10,17,30,13,6,16,21,13,16,36,24,12,15,75,73,59,60,44,47,27,55,72,58,81,66,42,42,58,64,41,34,40,35,20,38,45,25,38,34,27,24,31,37,24,30,15,13,30,35,38,28,31,24,12,27,46,27,36,41,29,34,34,87,82,92,116,127,53,39,92,110,90,86,67,27,40,76,60,70,41,51,32,45,60,89,38,49,15,18,22,24,22,34,27,11,7,21,10,15,8,15,23,10,15,32,23,36,22,18,12,31,26,10,18,26,15,10,18,21,9,23,9,24,12,14,50,27,17,18,5,8,25,9,13,13,23,8,6,22,27,22,33,25,17,20,19,30,25,30,39,22,9,12,21,30,23,17,24,11,17,42,43,32,25,21,14,22,24,23,28,27,25,8,31,24,55,25,35,50,19,43,33,29,48,65,52,55,67,90,122,98,120,84,47,70,74,59,64,87,69,49,62,79,79,55,58,42,29,43,40,44,34,50,38,23,24,41,39,40,27,30,10,23,32,33,30,28,17,15,18,38,28,48,36,31,11,24,29,37,21,18,13,13,24,33,34,43,37,13,20,44,40,43,42,27,21,12,47,57,78,54,58,72,58,99,120,108,121,168,95,72,159,202,181,224,236,206,163,177,288,354,379,318,393,247,435,590,676,620,632,479,321,545,638,548,640,603,499,240,475,480,429,
Aichi,1,0,1,0,0,0,0,0,0,0,0,0,0,0,0,0,0,0,0,1,1,1,1,1,1,1,2,4,2,0,3,5,2,1,1,3,0,9,8,8,5,7,11,6,13,5,7,3,7,0,2,2,5,4,5,2,2,2,3,6,3,3,4,3,3,8,5,7,12,19,7,11,21,20,21,14,10,2,9,10,12,14,10,17,10,5,16,19,12,14,1,1,0,5,4,1,3,0,2,3,3,0,0,0,3,0,1,1,1,2,1,2,0,0,0,0,0,0,1,0,0,0,0,0,0,1,0,0,1,0,0,1,0,1,0,0,2,0,2,1,0,1,1,3,0,1,1,0,0,0,0,0,0,0,0,1,1,0,0,0,0,0,2,0,2,0,0,2,0,2,5,16,21,19,24,21,21,53,64,97,63,78,84,79,113,172,168,199,181,161,131,128,150,142,159,180,130,101,67,86,110,88,72,83,43,57,57,82,90,70,50,43,43,50,39,51,45,36,42,24,28,18,33,34,27,21,12,21,36,48,29,33,23,21,22,36,40,31,33,19,9,14,34,38,24,49,19,28,26,21,19,16,18,12,14,15,15,11,21,14,18,24,15,19,21,28,21,15,13,36,19,43,42,16,37,35,51,87,51,97,48,44,85,52,79,82,113,81,57,128,104,143,148,152,102,63,138,141,219,202,211,144,95,110,177,198,234,217,155,108,197,219,195,215,219,170,111,199,245,242,196,206,181,114,216,248,238,219,300,90,92,190,239,270,265,265,216,122,235,294,239,193,158,185,152,273,364,431,405,362,343,198,132,319,312,352,323,218,151,246,246,270,246,246,164,89,215,227,244,164,126,121,80,101,114,101,86,120,72,43,84,114,80,53,59,76,42,63,81,51,51,46,33,30,51,46,41,40,53,31,32,34,55,68,50,35,27,8,39,44,66,52,55,24,15,30,48,38,47,55,34,31,63,74,79,64,58,86,39,56,99,83,145,118,116,45,112,188,144,172,197,129,122,168,216,218,224,230,207,124,190,312,294,284,339,225,161,281,323,430,290,398,350,304,219,224,290,443,575,473,426,578,679,624,598,596,522,362,539,666,633,597,616,431,280,417,445,394,383,347,305,145,305,287,288,266,218,169,97,170,247,171,149,123,102,46,98,110,99,106,89,84,35,96,75,100,66,46,41,20,49,53,49,44,45,64,21,52,85,49,66,64,64,42,70,71,74,67,75,94,36,94,109,146,69,69,108,70,174,265,250,230,287,231,147,258,376,364,387,459,375,256,259,516,703,638,698,609,571,967,1227,1221,1347,1445,1202,1059,1617,1815,2141,2347,1891,1385,1509,1611,1876,1719,
Mie,0,0,0,0,1,0,0,0,0,0,0,0,0,0,0,0,0,0,0,0,0,0,0,0,0,0,0,0,0,0,0,0,0,0,0,0,0,0,0,0,0,0,0,0,1,5,0,0,1,0,0,0,1,0,0,0,0,0,0,0,0,0,0,0,2,0,0,1,1,0,0,0,0,0,2,0,2,0,0,2,1,6,6,3,1,3,2,2,0,2,0,0,0,0,0,0,0,0,0,0,0,0,0,0,0,0,0,0,0,0,0,0,0,0,0,0,0,0,0,0,0,0,0,0,0,0,0,0,0,0,0,0,0,0,0,0,0,0,0,0,0,0,0,0,0,1,0,0,0,0,0,0,0,0,0,0,0,0,0,0,0,0,0,0,0,0,1,1,2,0,0,2,2,1,1,1,1,0,1,2,2,2,5,4,6,10,1,10,11,12,20,11,24,10,23,17,9,11,3,10,6,7,6,3,1,3,15,15,13,6,5,11,0,1,6,5,0,3,12,0,3,5,11,25,0,11,8,2,5,5,2,3,3,1,2,1,2,1,1,4,5,3,1,5,5,1,7,1,6,14,2,2,3,0,2,3,0,0,2,1,4,0,2,0,2,3,0,1,1,0,3,1,0,0,0,0,0,1,7,2,1,2,1,5,1,12,8,1,1,2,4,3,4,6,4,1,7,17,21,18,22,15,11,5,18,27,15,29,18,14,7,15,25,22,13,10,7,10,19,25,17,14,13,17,14,17,12,7,9,13,7,10,15,11,11,13,14,12,11,25,18,6,14,13,15,30,33,27,42,49,43,23,25,33,28,45,40,26,17,22,26,34,54,40,24,24,33,43,29,17,28,14,15,29,27,26,13,27,6,5,7,10,8,9,9,10,4,15,12,20,14,11,11,4,6,10,5,8,12,7,4,9,4,4,5,10,2,1,3,9,8,6,5,8,2,4,6,8,8,5,4,0,7,10,9,16,10,13,9,17,19,24,26,22,18,10,10,33,28,17,39,13,18,23,29,26,36,28,21,15,37,57,68,67,72,36,32,44,60,51,52,49,49,36,31,28,32,54,47,55,25,45,49,45,51,63,37,29,41,50,36,39,28,23,9,28,32,27,33,37,19,22,22,23,26,26,23,13,9,16,10,18,15,12,18,4,4,7,4,14,4,4,5,2,13,11,22,5,2,3,4,4,5,6,7,4,2,5,10,10,15,7,17,4,10,33,11,20,33,10,7,18,22,27,11,11,16,16,21,37,34,33,44,37,32,67,74,57,97,83,73,62,55,111,131,137,148,151,108,208,276,311,388,427,432,268,342,431,515,423,415,343,181,236,269,248,
Shiga,0,0,0,0,0,0,0,0,0,0,0,0,0,0,0,0,0,0,0,0,0,0,0,0,0,0,0,0,0,0,0,0,0,0,0,0,0,0,0,1,0,0,0,0,0,0,0,0,0,1,1,1,0,0,0,0,0,1,0,0,1,0,0,0,0,1,0,1,6,3,1,1,5,2,7,1,4,0,2,11,1,5,11,2,1,1,4,12,4,1,1,0,0,2,0,0,0,0,0,2,0,0,0,1,0,0,0,0,0,0,1,1,0,0,0,1,0,0,1,0,0,0,0,0,0,0,0,0,0,0,0,0,0,0,0,0,0,0,0,0,0,0,0,0,1,0,0,0,0,0,0,0,0,0,0,0,0,2,0,0,0,0,0,0,1,0,0,0,2,0,0,1,1,1,0,1,1,6,11,17,6,1,1,2,2,6,5,3,8,5,18,5,29,6,31,10,8,7,4,9,6,7,7,6,9,8,7,5,8,11,7,10,14,8,5,8,5,4,7,2,2,4,1,3,0,2,1,1,1,1,3,0,0,1,2,1,1,1,1,1,0,2,2,3,4,5,0,6,1,1,0,0,2,1,1,1,2,1,3,0,1,3,1,1,0,2,2,3,3,1,2,3,2,1,1,4,3,0,1,5,1,4,3,3,21,9,6,2,18,5,11,11,0,8,8,9,11,14,12,12,10,5,5,7,9,4,13,3,3,3,10,4,8,4,6,2,10,6,10,5,5,5,6,6,8,9,8,9,15,6,20,11,14,16,28,49,25,14,26,27,21,24,23,38,37,24,50,53,40,57,25,24,24,18,49,37,30,19,24,27,42,29,38,30,31,28,31,31,10,30,18,8,9,26,22,20,15,18,5,13,10,9,14,9,12,11,9,8,16,5,8,15,8,14,13,13,8,12,18,5,3,11,17,26,14,8,13,13,32,8,13,10,3,5,3,11,6,11,7,5,7,6,7,7,7,5,6,3,6,13,17,24,30,10,13,10,12,24,31,14,17,10,14,39,36,43,40,39,31,29,44,46,41,68,67,22,32,44,45,41,41,60,34,37,53,37,51,49,74,44,39,55,53,52,47,65,35,22,57,48,54,38,43,24,23,41,42,47,43,49,39,31,29,33,38,41,34,15,15,18,30,16,12,13,7,11,14,20,21,4,11,10,1,13,9,6,11,2,4,1,9,4,4,4,4,4,0,9,8,11,8,14,5,5,9,11,11,11,9,7,11,10,13,22,14,11,12,25,31,50,32,60,45,44,55,79,103,79,89,117,89,71,89,162,164,155,179,114,120,176,207,232,210,230,152,172,235,220,215,214,179,161,113,139,183,234,
Kyoto,0,0,0,0,1,0,0,0,0,0,1,0,0,0,0,0,0,0,0,0,0,0,0,0,0,0,0,0,0,0,0,0,0,0,0,0,0,1,2,1,1,1,0,4,1,2,2,0,0,0,0,2,2,0,1,1,1,1,2,4,3,1,5,7,9,13,7,12,18,10,9,8,12,10,10,9,7,12,12,5,5,10,10,7,9,8,5,11,7,4,4,4,15,4,4,3,4,5,3,3,4,3,6,1,4,0,0,4,1,1,0,0,0,0,0,0,0,0,0,0,0,0,1,0,0,0,0,0,0,0,0,0,1,0,0,1,0,0,0,0,0,0,3,0,0,1,1,0,0,0,0,1,4,4,1,4,2,2,3,5,9,1,3,9,2,5,10,9,8,9,12,9,13,12,25,12,27,20,19,19,16,4,13,21,31,42,9,29,22,17,29,21,27,20,19,21,20,8,10,25,35,30,22,6,19,26,38,41,38,25,13,7,17,31,27,21,17,10,4,22,19,19,24,25,14,8,11,6,7,2,7,8,4,13,9,9,5,8,18,5,7,3,5,5,11,5,8,8,15,5,9,7,4,4,5,4,9,15,20,7,12,29,6,9,7,8,6,3,4,11,13,8,5,3,7,8,14,11,13,19,15,7,13,9,11,24,20,21,8,13,18,17,28,24,22,11,49,39,14,26,35,24,14,13,31,33,31,30,17,8,22,21,22,35,44,43,26,63,75,54,57,75,59,40,71,97,84,79,81,63,47,81,88,107,121,135,94,59,84,96,109,103,83,89,76,102,119,143,147,126,146,142,108,145,131,120,140,154,110,143,123,140,130,121,115,91,113,128,109,89,82,76,63,56,43,42,32,37,30,21,27,27,21,27,23,20,7,17,17,18,17,16,9,7,8,7,7,8,7,3,3,3,7,3,7,9,12,13,9,27,17,7,10,6,6,9,14,11,9,13,11,11,14,19,24,20,32,26,15,30,57,56,68,53,63,32,55,93,83,96,84,81,42,61,125,107,100,92,116,109,120,128,148,130,174,149,119,112,140,136,126,158,164,121,113,93,130,146,120,159,96,115,148,156,165,139,140,103,106,134,127,110,96,60,38,61,81,52,42,45,69,23,32,62,46,44,49,46,10,44,64,41,29,35,23,8,18,22,17,18,16,16,1,12,21,10,10,20,14,6,15,26,14,13,19,18,6,20,24,19,33,24,27,20,18,46,32,38,52,51,29,39,80,71,53,34,80,76,96,175,164,167,199,166,120,190,277,274,289,271,333,271,107,341,372,450,378,414,321,420,421,406,547,547,542,369,587,531,608,524,540,469,345,446,532,478,
Osaka,0,0,0,1,0,0,0,0,0,0,0,0,0,0,0,0,0,0,0,0,0,0,0,0,0,0,0,0,0,0,0,0,1,2,0,0,2,2,9,1,13,10,15,0,17,7,9,3,10,4,2,4,5,2,4,2,6,3,8,7,7,20,15,17,8,28,34,33,36,40,21,20,53,43,92,80,70,45,24,61,74,53,51,86,48,83,55,32,34,34,29,17,28,32,43,26,24,7,11,13,7,15,9,10,16,11,1,10,12,3,4,4,0,2,6,3,4,4,1,0,0,1,4,0,1,2,1,0,1,0,0,0,1,1,0,0,0,1,1,0,2,0,3,4,4,2,6,3,0,0,2,1,2,2,5,7,5,10,8,11,17,6,8,12,10,31,22,28,32,18,20,61,66,53,86,89,49,72,121,104,149,132,141,86,155,221,190,216,195,194,82,193,196,225,255,180,195,123,101,184,177,192,153,147,71,187,187,132,166,136,122,60,119,120,96,107,91,62,54,115,96,75,76,76,67,45,82,64,93,120,84,78,33,89,78,57,61,81,60,40,67,39,66,62,66,48,36,52,59,76,50,53,39,32,60,51,49,58,52,45,26,69,61,51,53,50,50,41,65,82,78,100,96,70,43,143,117,125,137,143,123,73,156,85,125,169,190,140,78,226,256,231,264,285,266,73,269,273,338,370,415,490,281,210,318,326,383,463,381,262,318,427,386,394,399,310,228,258,427,415,357,429,308,185,306,396,351,309,311,250,180,283,312,289,294,299,233,150,302,307,313,262,258,253,286,394,560,607,654,647,532,480,374,536,592,568,629,464,431,525,506,501,450,525,421,273,343,357,397,346,338,214,177,211,244,207,209,188,117,119,155,127,141,89,142,98,69,98,133,89,91,94,60,62,100,62,82,77,69,54,56,81,98,81,74,82,76,38,103,84,88,111,120,92,67,86,147,141,158,153,100,79,183,262,266,300,386,323,213,432,600,616,614,666,593,341,732,879,957,927,991,827,603,1099,1130,1208,1209,1161,1220,719,1153,1242,1167,1162,1097,1050,924,1230,1260,1172,1043,1262,1057,847,884,668,747,1005,1021,874,668,974,851,761,576,785,620,382,509,477,501,415,406,274,216,327,331,309,290,216,197,98,201,213,226,189,174,145,72,190,153,148,134,126,96,57,110,108,95,79,111,106,42,107,125,116,120,88,96,40,101,108,108,123,148,88,78,136,151,125,143,200,166,104,225,349,324,254,380,262,224,313,491,461,379,283,471,374,741,798,932,882,1040,890,448,1079,1224,1085,1310,1123,1164,995,697,1490,1654,1561,1828,1764,964,1856,2296,2443,2586,2556,2221,1558,2368,2808,2830,2814,2641,2389,1605,2347,3004,2501,
Hyogo,0,0,0,0,0,0,0,0,0,0,0,0,0,0,0,0,0,0,0,0,0,0,0,0,0,0,0,0,0,0,0,0,0,0,0,1,0,2,0,1,4,2,2,4,9,12,9,10,11,10,5,4,5,2,8,6,4,2,5,1,1,3,3,7,4,11,14,7,6,15,13,6,20,20,39,29,42,17,19,9,20,31,27,21,11,11,19,17,20,24,16,8,1,7,6,3,5,4,14,0,7,2,3,1,8,4,2,0,3,1,1,1,1,0,0,0,2,0,2,0,0,0,0,0,0,0,0,0,0,0,0,0,0,0,0,0,0,0,0,0,0,0,0,0,0,1,0,2,0,1,1,0,1,0,0,0,1,2,1,0,1,2,4,1,3,2,4,5,6,1,9,12,16,25,13,21,7,12,30,35,23,24,49,12,33,46,53,62,32,60,27,32,52,61,49,55,48,27,30,36,48,34,53,37,24,25,49,34,39,33,24,8,23,28,22,26,20,13,8,21,7,13,13,9,16,6,18,22,21,14,20,15,8,23,20,16,12,21,5,27,13,1,8,12,22,16,10,19,15,21,29,15,15,7,18,16,27,16,12,12,8,13,19,14,18,16,13,5,14,14,17,21,48,15,6,10,28,17,20,28,15,10,52,36,42,49,31,32,20,59,70,81,69,79,79,40,106,103,132,129,152,138,77,77,98,183,103,144,111,55,122,123,171,129,149,120,106,145,157,149,98,135,111,65,144,135,164,128,126,103,44,190,167,152,232,175,165,107,192,188,192,128,104,98,116,218,246,284,297,324,268,154,160,285,292,276,263,288,148,216,296,236,283,225,178,80,153,211,231,161,137,111,60,134,120,111,96,91,52,33,68,94,52,38,55,44,27,46,74,46,31,42,27,14,24,18,36,24,21,26,21,44,40,21,36,15,41,9,41,41,58,49,54,37,33,78,73,76,61,64,46,23,84,118,100,116,164,92,70,177,211,199,174,206,211,87,276,328,311,314,351,229,159,391,507,493,510,541,406,293,427,563,547,567,635,473,310,505,600,534,333,539,539,344,337,331,282,493,568,366,271,377,384,361,314,299,267,120,249,242,209,162,229,111,86,139,140,162,94,97,101,29,112,104,70,75,81,58,22,68,64,50,46,38,24,21,44,34,39,37,18,19,14,27,22,17,20,34,16,4,25,28,32,32,22,27,13,34,36,50,38,45,44,17,80,77,77,81,122,75,39,129,120,149,61,71,138,75,260,253,280,265,329,317,165,441,422,459,473,501,449,275,228,608,728,679,628,517,402,852,1088,1076,903,1024,1038,538,1078,1086,1007,1061,1050,916,433,1024,1018,954,
Nara,0,0,1,0,0,0,0,0,0,0,0,0,0,0,0,0,0,0,0,0,0,0,0,0,0,0,0,0,0,0,0,0,0,0,0,0,0,0,0,0,3,0,0,2,1,1,0,0,0,0,0,0,0,0,0,0,1,0,0,0,0,0,2,0,0,0,4,4,2,3,1,1,2,2,5,3,2,2,3,3,6,1,2,4,2,2,9,2,1,1,0,0,2,3,1,0,3,0,1,0,1,0,0,1,1,0,0,0,0,0,0,0,0,0,0,0,0,0,0,0,0,0,1,0,0,0,0,0,0,0,0,0,0,0,0,0,0,0,0,0,0,0,0,0,0,0,0,0,0,0,0,0,0,0,0,0,0,0,0,0,1,2,1,2,2,2,5,7,5,4,3,5,7,5,8,3,2,7,8,13,11,5,5,4,6,6,7,7,21,8,8,5,9,7,9,16,12,6,3,2,10,13,6,25,9,37,10,12,10,10,8,2,6,4,4,2,2,5,3,5,1,2,5,3,4,0,2,1,2,2,1,0,1,4,0,1,0,1,2,1,1,2,0,2,2,0,5,1,1,5,1,5,1,0,0,2,4,8,0,4,1,3,2,2,3,3,0,0,2,3,3,3,1,0,1,0,5,4,5,9,11,5,11,4,15,19,13,11,8,9,17,17,24,23,9,11,9,28,33,23,22,12,21,15,11,23,26,17,16,19,16,33,39,32,26,14,22,21,33,24,22,32,25,18,18,25,21,23,28,25,31,26,36,33,30,31,37,30,23,30,38,36,36,31,22,30,24,27,55,45,46,31,26,31,29,44,39,38,45,25,39,38,40,35,28,17,24,26,25,30,20,24,30,19,34,26,18,17,13,10,9,16,5,4,10,13,5,10,15,13,13,5,4,3,3,3,6,3,3,2,7,3,4,5,11,7,7,5,5,13,5,11,5,5,3,11,15,6,2,12,8,4,15,22,21,15,28,37,18,45,46,46,52,40,40,66,76,81,87,95,82,66,46,62,94,81,89,91,79,85,80,112,125,91,104,90,56,74,105,86,79,94,98,70,61,77,70,98,86,92,67,70,69,69,69,83,66,39,58,71,39,31,39,23,10,28,29,26,19,18,15,15,23,19,20,28,18,9,6,11,11,5,15,10,9,3,18,9,13,14,10,12,5,23,20,18,17,20,18,12,23,20,7,17,11,5,3,12,9,13,20,22,9,9,22,22,16,20,18,19,18,26,38,30,13,14,19,23,45,51,58,54,59,77,35,76,89,90,101,97,88,58,60,138,114,134,103,120,91,133,162,173,190,188,194,147,223,184,205,192,222,210,161,196,216,193,
Wakayama,0,0,0,0,0,0,0,0,0,0,0,0,0,0,0,0,0,0,1,1,3,0,4,3,0,0,0,1,0,0,0,0,0,0,0,0,0,0,0,1,0,0,0,0,0,0,0,0,0,1,0,0,0,2,0,0,0,0,0,0,0,0,0,0,1,0,1,2,1,0,2,5,2,3,3,1,0,1,0,2,2,1,0,1,0,0,2,2,1,5,2,1,1,1,0,2,0,0,0,0,0,0,0,0,0,0,0,2,0,0,0,0,0,0,0,0,0,0,0,0,0,0,0,0,0,0,0,0,0,0,0,0,0,0,0,0,0,0,0,0,0,0,0,0,0,0,0,0,0,1,0,0,0,0,0,0,0,0,0,0,0,0,0,0,0,2,5,4,5,3,1,0,0,3,2,0,4,3,4,9,3,4,6,8,4,6,2,8,13,4,2,1,3,0,0,1,5,3,2,2,3,1,4,2,2,11,6,4,4,2,0,2,0,1,0,0,2,0,0,0,1,0,0,1,1,1,1,0,0,1,0,0,0,0,0,0,0,0,0,0,1,1,0,0,0,2,0,1,1,0,0,0,0,0,1,0,1,6,0,0,0,3,0,2,0,1,0,0,4,1,6,2,2,2,0,0,1,0,1,1,0,2,0,1,2,0,6,2,1,2,7,6,5,10,8,7,5,8,15,11,7,5,11,8,5,6,14,8,10,6,10,9,7,7,5,13,4,9,12,10,7,6,3,3,5,6,2,2,1,5,4,5,3,0,1,3,2,2,2,7,9,13,11,12,9,17,18,21,16,15,15,14,9,12,21,17,16,13,20,19,24,20,17,10,17,9,10,13,8,15,7,9,2,6,14,6,7,8,2,3,2,5,11,11,3,4,4,2,1,2,2,1,0,0,1,1,0,0,1,1,1,0,0,2,1,0,0,0,1,2,1,1,0,6,1,3,5,2,2,6,5,2,9,7,8,11,5,4,9,16,14,17,15,17,14,14,20,38,32,44,23,28,10,30,44,33,33,35,44,29,55,36,45,36,31,23,16,27,26,36,20,24,39,15,22,23,23,19,19,17,11,19,25,28,12,17,12,4,16,14,10,15,18,3,4,7,12,8,1,17,5,1,3,8,4,0,2,2,1,2,2,6,1,3,1,0,2,0,1,1,1,3,0,3,3,5,0,1,1,3,4,3,6,1,3,0,0,0,4,3,3,1,6,2,3,1,6,2,6,12,6,3,8,10,16,10,9,9,16,27,43,38,34,33,40,33,39,25,30,37,25,20,19,36,31,45,40,51,42,67,64,84,90,80,74,67,90,85,75,55,71,38,42,68,68,57,
Tottori,0,0,0,0,0,0,0,0,0,0,0,0,0,0,0,0,0,0,0,0,0,0,0,0,0,0,0,0,0,0,0,0,0,0,0,0,0,0,0,0,0,0,0,0,0,0,0,0,0,0,0,0,0,0,0,0,0,0,0,0,0,0,0,0,0,0,0,0,0,0,0,0,0,0,0,1,0,0,0,0,0,0,0,2,0,0,0,0,0,0,0,0,0,0,0,0,0,0,0,0,0,0,0,0,0,0,0,0,0,0,0,0,0,0,0,0,0,0,0,0,0,0,0,0,0,0,0,0,0,0,0,0,0,0,0,0,0,0,0,0,0,0,0,0,0,0,0,0,0,0,0,0,0,0,0,0,0,0,1,0,0,0,0,0,0,0,0,0,1,0,0,0,0,0,0,0,0,0,0,0,0,1,0,0,2,2,1,4,1,2,0,1,0,2,0,0,0,0,0,0,0,0,0,0,0,0,1,0,0,0,0,0,0,0,0,0,0,0,0,0,0,0,0,0,0,0,0,0,0,1,8,1,1,0,1,0,1,0,0,0,0,0,0,0,0,0,0,0,0,0,0,0,0,0,0,0,0,0,0,0,0,0,0,0,0,0,0,0,0,0,0,0,0,2,0,1,0,0,0,0,0,0,0,0,0,4,1,0,7,1,0,0,1,0,0,0,0,1,0,0,0,0,0,1,2,2,0,0,0,0,1,1,1,0,2,0,2,1,1,0,0,0,0,1,0,0,0,0,1,0,1,4,5,0,5,3,8,6,10,7,1,0,4,4,2,9,15,6,3,3,0,0,1,4,3,2,2,0,1,6,0,2,3,2,5,1,1,0,0,0,0,1,3,1,1,1,1,1,0,0,0,0,0,0,0,0,0,0,0,0,1,0,0,0,0,0,0,2,0,0,0,0,0,0,0,0,0,0,0,0,0,0,0,0,0,0,0,0,0,0,0,0,0,1,0,0,0,1,9,20,19,9,6,2,0,2,2,2,4,5,9,0,6,4,6,8,5,8,3,2,7,1,1,0,4,3,5,1,3,4,1,1,0,1,2,3,3,7,4,7,2,2,1,16,3,9,2,3,3,0,2,2,5,4,4,3,0,1,0,2,0,0,1,0,0,0,0,0,0,0,0,0,0,0,0,0,0,0,0,0,0,0,0,0,0,0,0,0,0,0,4,11,1,3,4,3,2,0,1,0,0,0,1,0,1,15,10,12,29,15,8,13,17,11,7,7,9,9,14,11,28,47,15,26,14,25,34,44,36,18,18,17,6,23,21,23,6,24,10,24,22,14,22,26,16,17,11,30,36,20,20,29,14,25,13,21,
Shimane,0,0,0,0,0,0,0,0,0,0,0,0,0,0,0,0,0,0,0,0,0,0,0,0,0,0,0,0,0,0,0,0,0,0,0,0,0,0,0,0,0,0,0,0,0,0,0,0,0,0,0,0,0,0,0,0,0,0,0,0,0,0,0,0,0,0,0,0,0,0,0,0,0,0,1,1,4,1,1,2,3,1,1,0,1,0,0,0,0,0,1,5,0,1,0,0,0,0,1,0,0,0,0,0,0,0,0,0,0,0,0,0,0,0,0,0,0,0,0,0,0,0,0,0,0,0,0,0,0,0,0,0,0,0,0,0,0,0,0,0,0,0,0,0,0,0,0,0,0,0,0,0,0,0,0,0,0,0,0,0,0,0,0,0,0,0,0,0,0,0,1,0,0,0,0,0,0,0,1,0,2,0,0,1,0,0,0,0,0,0,0,0,0,0,0,2,91,4,4,0,2,0,0,0,1,0,1,0,0,0,0,1,1,1,0,0,0,0,0,0,0,0,0,0,0,0,0,0,0,0,0,0,0,0,0,0,0,0,0,0,0,0,2,1,0,0,0,0,0,0,0,0,0,0,0,0,0,0,0,0,0,0,0,0,0,0,0,0,0,0,0,0,0,1,0,0,0,0,0,0,0,0,0,0,0,0,0,0,0,0,0,0,0,0,0,0,1,0,0,0,0,0,0,0,1,1,1,1,0,1,1,0,4,0,1,4,1,0,0,7,0,0,1,2,0,2,4,4,1,2,0,0,5,3,1,4,8,3,3,0,0,2,4,1,0,1,1,2,3,3,3,0,0,1,3,2,1,1,0,2,2,3,0,0,0,0,3,5,4,10,1,3,1,2,2,0,1,2,0,0,2,0,2,0,0,0,0,0,0,1,0,0,0,0,1,2,0,0,0,0,0,0,0,0,0,0,0,0,0,0,0,0,0,1,0,0,0,0,0,0,0,0,0,0,0,1,0,0,0,0,1,1,0,0,0,0,0,1,2,0,0,0,1,1,1,1,1,1,0,0,1,12,10,4,5,3,3,3,5,4,0,6,3,1,5,3,1,2,10,3,4,6,9,7,13,10,9,4,20,12,13,7,3,6,6,8,8,6,3,6,5,0,2,1,0,2,0,0,2,0,1,0,0,1,1,0,1,0,0,0,0,0,0,0,0,0,0,1,0,0,1,0,0,0,0,0,0,1,1,1,4,1,0,0,1,1,2,2,9,7,8,17,17,20,10,7,7,6,8,7,9,14,17,8,11,10,4,10,16,6,7,8,17,12,18,12,34,14,21,30,31,28,19,17,15,13,36,45,39,18,25,33,17,33,30,25,
Okayama,0,0,0,0,0,0,0,0,0,0,0,0,0,0,0,0,0,0,0,0,0,0,0,0,0,0,0,0,0,0,0,0,0,0,0,0,0,0,0,0,0,0,0,0,0,0,0,0,0,0,0,0,0,0,0,0,1,0,0,0,0,1,1,0,1,0,1,2,2,1,1,0,1,2,1,0,0,0,0,1,0,1,1,0,1,0,0,0,0,2,0,1,0,0,1,0,0,0,0,0,0,0,0,1,0,0,1,0,0,0,0,0,0,0,0,0,0,0,0,0,0,0,0,0,0,0,0,0,0,0,0,0,0,0,0,0,0,0,0,0,0,0,0,0,0,0,0,0,0,0,1,0,0,0,0,0,0,0,2,0,0,0,0,0,0,0,0,0,0,0,1,1,2,2,3,4,2,1,0,1,4,10,2,3,2,5,5,3,7,2,3,3,7,2,4,3,1,2,2,2,2,4,2,1,0,2,1,2,2,2,3,3,1,0,1,2,0,0,0,0,0,1,0,0,0,0,0,0,0,0,0,0,1,0,0,0,1,0,0,0,0,0,1,1,2,1,1,0,3,0,0,1,0,3,0,0,1,1,0,0,0,1,4,0,2,2,1,0,1,11,3,6,4,5,3,9,15,31,12,13,5,0,12,6,6,8,9,6,2,1,7,6,13,12,17,3,7,24,15,13,27,13,10,7,15,14,24,15,9,7,10,10,10,5,11,12,9,12,11,13,16,22,38,27,21,32,27,26,60,111,29,13,35,27,31,28,21,19,23,32,23,27,23,27,33,51,59,66,46,80,32,52,33,37,38,35,35,34,31,22,30,29,20,16,9,21,18,18,18,12,14,9,7,9,12,9,5,10,16,3,6,7,6,10,4,3,4,5,4,2,1,2,3,4,2,2,0,4,1,5,2,2,8,10,3,9,5,3,10,16,11,8,6,2,4,5,2,8,9,4,9,7,3,5,2,5,0,3,4,25,19,10,18,20,14,7,19,23,26,25,35,53,31,17,32,46,31,53,61,30,38,58,45,62,89,65,38,47,87,99,74,76,114,109,68,91,114,129,189,151,137,133,186,171,166,185,171,108,130,134,123,111,105,83,41,58,82,74,59,48,27,21,20,37,31,16,20,12,12,8,13,12,12,11,6,1,5,8,4,3,6,2,1,1,1,2,0,3,1,0,0,2,1,4,0,1,0,3,4,2,4,4,3,6,6,10,19,11,9,9,14,16,33,33,28,31,27,23,35,58,59,77,65,94,50,78,131,89,101,120,87,87,64,137,217,167,199,169,142,163,307,254,274,251,246,167,160,302,206,248,210,188,151,139,218,163,
Hiroshima,0,0,0,0,0,0,0,0,0,0,0,0,0,0,0,0,0,0,0,0,0,0,0,0,0,0,0,0,0,0,0,0,0,0,0,0,0,0,0,0,0,1,0,0,0,0,0,0,0,0,0,0,0,0,1,1,0,0,0,0,1,0,0,2,0,0,0,5,2,2,0,1,3,5,1,5,26,6,3,10,38,5,6,6,2,5,2,2,3,0,2,2,1,5,1,0,4,1,1,4,0,0,0,0,0,0,0,0,0,0,0,0,1,0,0,0,0,1,0,0,0,0,0,0,0,0,0,0,0,0,1,0,0,0,0,0,0,0,0,0,0,0,0,0,0,0,0,0,0,0,0,0,0,0,0,0,0,1,0,0,0,0,0,2,0,0,2,5,1,3,4,7,5,7,2,2,4,7,7,16,7,7,4,6,19,17,8,18,18,10,9,10,11,7,3,6,5,7,8,3,5,3,1,2,0,0,2,5,4,2,1,1,1,0,1,2,1,1,0,0,1,0,0,0,0,1,4,0,0,0,2,2,4,2,0,0,1,0,1,3,8,5,3,10,11,16,16,14,15,3,8,14,1,1,5,4,4,5,3,4,12,1,1,3,1,2,1,1,0,1,0,2,1,1,0,1,1,1,0,3,0,0,0,3,2,3,3,3,2,2,2,2,3,6,7,6,2,14,2,9,8,9,12,8,1,14,12,24,25,10,16,25,46,46,36,60,43,48,75,71,114,104,77,107,74,88,140,83,91,98,80,76,119,102,141,105,89,50,88,84,87,73,76,70,48,75,78,91,120,60,56,60,35,58,50,34,54,38,28,24,57,28,45,23,23,25,17,36,26,37,38,14,12,14,15,7,9,7,11,9,10,6,9,7,8,10,12,15,9,7,1,3,3,5,4,5,6,3,0,2,2,5,4,2,2,5,2,7,3,1,1,1,2,3,2,1,2,1,2,6,8,1,4,5,5,6,7,10,19,8,20,10,9,8,11,9,3,7,10,14,22,11,8,8,28,20,23,32,30,31,27,36,42,47,49,34,32,46,62,72,102,65,87,56,78,69,121,87,182,195,178,171,219,211,210,239,210,198,195,221,214,218,169,160,103,131,166,154,123,103,79,65,50,71,57,59,47,40,29,26,27,32,34,33,40,22,14,27,21,30,22,19,17,13,16,18,12,5,6,9,4,8,10,7,7,7,5,7,6,9,10,5,8,9,5,15,11,16,16,17,14,15,46,25,29,21,24,31,35,53,65,54,65,56,46,58,114,94,106,117,107,66,58,112,161,196,202,135,144,226,303,362,375,381,333,294,287,354,356,371,339,284,256,253,266,229,
Yamaguchi,0,0,0,0,0,0,0,0,0,0,0,0,0,0,0,0,0,0,0,0,0,0,0,0,0,0,0,0,0,0,0,0,0,0,0,0,0,0,1,2,0,0,0,0,0,0,0,0,0,0,0,0,0,0,0,0,1,0,0,1,1,0,0,0,0,0,0,0,1,1,0,5,3,1,0,1,1,4,1,1,3,1,0,0,0,0,0,0,0,0,0,0,0,0,0,3,2,0,1,1,1,0,0,0,0,0,0,0,0,0,0,0,0,0,0,0,0,0,0,0,0,0,0,0,0,0,0,0,0,0,0,0,0,0,0,0,0,0,0,0,0,0,0,0,0,0,0,0,0,0,0,0,0,0,0,0,0,0,0,0,0,0,0,0,0,0,0,0,0,0,0,0,1,3,1,0,0,0,1,4,0,0,2,1,1,2,0,0,5,0,0,1,1,4,0,6,6,2,0,0,3,1,0,1,0,1,5,11,0,7,4,3,6,15,6,10,7,6,4,2,5,3,0,3,3,0,0,5,4,1,0,0,0,0,0,1,0,0,0,0,0,0,0,0,1,2,0,2,1,0,0,0,0,0,3,2,1,1,1,0,0,0,0,0,0,0,0,0,0,1,1,2,0,0,0,0,0,0,0,0,0,0,2,0,8,0,2,0,0,6,2,1,14,10,8,1,12,6,18,23,17,9,4,1,7,4,5,9,3,2,5,7,4,4,3,1,4,4,4,5,2,4,2,2,3,1,4,8,5,6,4,4,14,8,9,13,8,13,24,11,15,2,3,5,12,23,8,16,12,17,21,13,10,13,18,19,37,17,88,47,18,10,30,51,23,10,41,18,21,14,14,17,5,10,22,7,4,9,10,6,15,15,6,5,3,2,2,5,2,3,0,1,2,0,1,2,2,3,3,2,0,2,1,0,0,0,1,1,2,0,0,0,1,0,0,3,2,1,1,0,0,0,2,3,1,0,3,0,3,6,3,3,6,8,3,1,1,3,5,7,3,3,1,6,5,12,18,37,13,17,23,24,23,34,23,22,6,40,26,33,11,26,29,12,12,12,26,31,39,42,58,49,61,48,58,49,37,17,66,56,47,36,36,55,25,29,41,34,16,21,8,14,15,17,12,13,10,3,6,19,15,11,13,7,1,3,15,6,0,5,6,7,3,5,1,2,6,5,2,1,0,8,4,7,5,2,1,2,1,6,2,2,2,0,2,3,1,4,6,2,0,3,4,4,0,2,5,7,9,10,16,27,17,9,3,15,27,17,21,31,24,20,32,47,57,61,69,38,47,75,105,119,94,86,64,56,80,61,76,74,81,53,43,70,77,54,
Tokushima,0,0,0,0,0,0,0,0,0,0,0,0,0,0,0,0,0,0,0,0,0,0,0,0,0,0,0,0,0,0,1,0,0,0,0,0,0,0,0,0,0,0,0,0,0,0,0,0,0,0,0,0,0,0,0,0,0,0,0,0,0,0,0,0,0,2,0,0,0,0,0,0,0,0,0,0,0,0,0,0,0,0,0,0,0,0,2,0,0,0,0,0,0,0,0,0,0,0,0,0,0,0,0,0,0,0,0,0,0,0,0,0,0,0,0,0,0,0,0,0,0,0,0,0,0,0,0,0,0,0,0,0,0,0,0,0,0,0,0,0,0,0,0,0,0,0,0,0,0,0,0,0,1,0,0,0,0,0,0,0,0,0,0,3,0,0,1,0,0,0,0,0,0,0,0,0,0,0,0,0,0,2,0,4,0,2,5,2,1,2,0,2,13,10,2,2,1,2,1,1,8,11,5,4,1,4,1,1,7,0,2,3,2,8,5,3,1,0,2,3,4,4,4,0,0,0,1,0,0,0,1,0,0,0,0,0,0,0,0,0,0,0,0,0,0,0,0,0,1,0,0,0,1,0,0,0,0,0,0,0,0,0,0,0,0,9,0,1,3,1,1,0,0,0,0,0,0,0,0,0,0,0,0,0,0,3,0,0,1,2,0,0,0,1,0,0,2,1,1,1,2,1,0,0,0,1,1,0,0,0,0,0,1,2,1,0,0,2,0,0,0,0,0,0,0,1,0,0,1,2,1,0,2,0,1,0,0,0,0,1,2,1,0,0,2,5,10,0,5,5,3,1,35,3,4,12,3,4,6,7,7,26,13,9,4,5,3,4,6,2,1,1,1,3,0,3,0,2,1,0,2,21,1,4,1,2,4,4,5,5,2,1,0,0,0,1,1,1,0,2,0,0,1,4,3,1,0,0,0,0,1,2,0,0,0,0,0,2,0,0,2,3,2,6,19,6,10,3,9,1,8,11,16,10,14,7,12,19,15,17,21,16,20,23,25,30,30,44,38,36,25,36,34,34,47,44,29,15,21,46,25,24,20,60,11,11,9,12,21,16,14,13,20,16,7,9,13,14,5,5,4,7,7,5,5,1,1,2,1,2,1,0,0,1,0,1,3,0,0,0,0,0,3,2,5,0,1,3,0,0,0,0,2,1,0,1,0,1,0,0,1,0,0,0,1,0,0,1,0,0,2,1,5,0,2,5,2,4,13,8,5,6,5,5,8,5,4,3,7,7,7,16,10,5,11,7,11,12,5,9,9,6,8,5,11,19,17,19,19,36,37,52,28,54,55,47,49,56,64,60,50,59,52,39,48,44,
Kagawa,0,0,0,0,0,0,0,0,0,0,0,0,0,0,0,0,0,0,0,0,0,0,0,0,0,0,0,0,0,0,0,0,0,0,0,0,0,0,0,0,0,0,0,0,0,0,0,0,0,0,0,1,0,0,0,0,0,0,0,0,0,0,0,0,1,0,0,0,0,0,0,0,0,1,0,1,0,4,8,4,0,2,2,1,1,2,0,0,0,0,0,0,0,0,0,0,0,0,0,0,0,0,0,0,0,0,0,0,0,0,0,0,0,0,0,0,0,0,0,0,0,0,0,0,0,0,0,0,0,0,0,0,0,0,0,0,0,0,0,0,0,0,0,0,0,0,0,0,0,0,0,0,0,0,0,0,0,0,0,0,0,0,0,0,0,0,1,0,0,1,1,1,10,1,1,0,0,0,1,0,0,0,0,0,1,0,0,0,0,0,0,2,5,4,1,1,1,0,0,0,1,1,1,2,2,1,0,3,0,0,0,3,0,1,0,3,0,0,0,1,4,2,0,0,0,1,1,0,1,0,2,0,3,0,0,1,0,0,0,0,0,0,0,0,0,0,0,0,0,0,0,0,0,0,0,0,0,0,1,2,0,0,0,1,1,1,0,0,0,1,1,0,0,0,0,0,0,0,0,0,0,0,0,1,1,0,1,2,0,1,2,3,1,0,1,7,1,3,2,2,2,0,1,0,2,1,3,4,1,4,1,6,1,4,4,1,10,17,4,3,0,1,0,0,1,4,1,0,0,2,1,2,20,27,7,8,9,6,8,5,3,2,2,3,4,8,14,32,34,11,13,14,6,13,17,37,6,8,9,8,10,12,11,6,4,0,9,11,10,6,9,10,12,8,5,8,6,10,5,3,4,2,7,1,1,4,2,3,0,3,1,6,5,2,3,3,0,0,2,1,0,2,0,1,1,1,2,1,2,2,2,0,1,0,0,1,3,3,1,3,0,0,0,0,1,3,2,7,6,13,28,13,23,16,13,13,21,12,8,12,9,9,5,11,11,16,11,16,6,4,19,18,22,13,9,8,11,16,23,29,26,23,29,14,21,16,21,50,78,55,27,36,56,27,31,47,17,9,17,25,26,17,21,17,9,13,9,6,7,9,5,6,9,7,6,2,6,4,2,3,6,10,4,1,2,2,7,4,1,3,1,0,0,1,1,0,6,0,2,0,2,2,0,1,1,1,0,4,0,2,6,2,4,1,1,3,1,4,1,3,0,4,8,4,4,4,5,2,8,11,33,15,43,34,28,29,27,33,41,59,50,26,38,65,60,66,107,49,57,83,65,111,105,90,88,61,95,90,96,84,68,55,40,62,65,58,
Ehime,0,0,0,0,0,0,0,0,0,0,0,0,0,0,0,0,0,0,0,0,0,0,0,0,0,0,0,0,0,0,0,0,0,0,0,0,1,0,1,0,0,0,0,0,0,0,0,0,0,0,0,0,1,0,0,0,0,0,0,0,0,1,0,0,0,5,0,3,7,1,1,2,0,2,1,2,2,0,7,2,1,1,0,3,1,1,1,0,0,0,0,0,0,0,0,0,0,0,1,0,0,0,0,0,0,0,0,0,3,17,2,0,1,2,1,0,1,3,1,1,1,0,0,1,0,0,0,0,0,0,0,0,0,0,0,0,0,0,0,0,0,0,0,0,0,0,0,0,0,0,0,0,0,0,0,0,0,0,0,0,0,0,0,0,0,0,0,0,0,0,0,0,0,0,0,0,1,0,0,0,1,0,1,2,2,0,0,0,3,3,4,1,0,0,0,1,1,5,0,0,1,1,1,0,0,0,1,0,1,1,1,0,0,0,0,0,0,0,0,0,0,0,0,0,0,0,0,0,0,0,0,0,0,0,0,0,0,0,0,0,0,0,0,0,0,0,0,0,0,0,0,0,1,0,0,0,0,0,0,0,0,0,0,0,1,0,0,0,0,0,0,0,0,0,0,0,0,0,0,0,0,0,0,0,0,1,0,0,0,0,0,4,2,0,6,1,8,6,9,11,21,23,26,17,14,17,14,8,7,3,5,7,5,7,2,4,4,3,1,1,2,2,1,1,3,7,2,2,0,1,0,4,3,7,9,9,8,16,14,12,8,6,6,7,9,25,23,28,38,23,32,27,32,13,28,24,14,11,16,22,17,25,18,22,9,6,8,15,1,8,16,0,2,1,1,3,4,5,4,4,6,3,0,3,0,0,0,0,0,3,12,3,3,2,3,1,2,3,1,1,1,0,1,0,1,0,0,0,1,1,2,3,0,1,0,0,2,1,0,4,3,3,23,24,59,39,19,27,24,30,33,30,28,34,29,32,43,34,32,27,34,24,17,19,30,43,45,43,48,15,28,53,29,52,32,28,21,28,38,33,18,25,26,27,10,21,11,19,22,10,32,22,12,20,14,11,8,9,9,5,5,9,9,1,0,11,11,7,4,7,6,1,5,4,1,1,3,0,2,4,2,1,1,0,0,0,2,2,5,2,2,0,0,0,1,0,2,0,0,0,2,0,0,1,0,0,0,0,0,0,0,1,2,0,3,3,13,6,5,6,2,4,8,5,4,6,16,12,10,15,19,11,19,8,8,31,32,40,40,56,30,29,33,85,69,91,52,58,71,79,91,102,77,69,66,60,72,76,54,54,54,37,49,49,25,31,
Kochi,0,0,0,0,0,0,0,0,0,0,0,0,0,0,0,0,0,0,0,0,0,0,0,0,0,0,0,0,0,0,0,0,0,0,1,1,1,0,4,0,2,1,2,0,0,0,0,0,0,0,0,0,0,0,0,0,0,0,0,0,0,1,0,1,1,2,3,1,2,3,7,3,2,1,10,5,0,6,0,0,2,0,1,1,4,1,0,1,1,0,1,1,0,0,1,0,0,0,0,0,0,0,0,0,0,0,0,0,0,0,0,0,0,0,0,0,0,0,0,0,0,0,0,0,0,0,0,0,0,0,0,0,0,0,0,0,0,0,0,0,0,0,0,0,0,0,0,0,0,0,0,0,0,0,0,0,0,0,0,0,0,0,0,0,0,0,0,0,0,1,0,0,1,0,0,0,0,0,1,0,1,0,1,0,1,0,0,0,0,1,1,0,0,0,1,0,0,0,0,0,0,0,14,5,1,0,2,0,1,1,2,0,0,9,0,1,5,1,0,3,1,1,0,1,1,0,2,0,0,3,0,0,0,0,0,0,0,0,0,0,0,0,0,0,0,1,0,0,0,0,0,0,0,0,0,0,0,0,0,1,0,0,0,1,0,0,0,0,0,0,0,0,0,2,0,1,1,0,0,0,0,0,0,0,0,0,0,0,0,0,0,0,0,0,0,0,0,0,0,0,2,0,2,0,1,0,0,0,1,2,5,8,15,16,19,18,13,17,18,20,11,27,18,11,36,28,23,10,13,23,17,31,24,19,12,14,8,8,8,12,9,6,7,11,2,7,4,12,9,4,7,2,6,14,3,4,4,5,9,12,16,6,2,3,5,2,3,1,6,6,5,1,4,0,0,1,3,5,2,1,1,0,4,5,1,2,1,5,0,2,0,0,0,0,0,0,0,0,0,0,0,3,0,9,5,1,1,0,1,1,1,2,0,1,0,0,1,1,1,0,0,0,1,1,0,0,0,0,0,2,1,2,0,2,2,8,6,0,8,1,0,0,0,0,1,4,2,7,3,2,5,3,3,5,2,7,7,14,7,9,14,12,15,10,13,7,9,7,5,4,3,3,6,7,5,4,2,8,15,15,10,17,27,24,15,29,27,38,23,25,25,20,25,27,19,14,19,28,10,7,9,11,8,7,9,6,16,6,10,6,10,10,8,16,14,5,9,11,9,13,10,4,7,10,3,7,1,7,8,9,4,9,7,2,6,10,9,14,8,10,5,8,5,7,7,2,5,5,10,22,25,17,14,11,10,14,6,13,23,12,9,0,9,20,24,26,24,27,20,40,64,80,78,87,81,42,88,111,107,93,70,54,48,93,60,53,
Fukuoka,0,0,0,0,0,0,0,0,0,0,0,0,0,0,0,0,0,0,0,0,0,0,0,0,0,2,0,0,0,0,0,0,0,0,0,1,0,0,0,0,0,0,0,0,0,0,0,0,0,0,0,1,0,1,0,0,0,1,3,0,3,4,6,4,3,17,32,23,19,27,16,14,23,25,26,39,43,30,11,33,30,26,17,24,16,2,21,21,12,12,14,11,9,4,13,3,3,3,0,1,1,1,1,0,2,1,0,1,1,1,0,0,1,0,0,0,0,0,4,4,6,2,8,21,26,17,12,16,6,6,6,5,2,3,3,3,2,2,9,1,3,1,1,3,3,5,0,0,0,3,1,2,0,1,0,1,4,4,4,4,6,9,1,7,13,4,6,9,5,2,4,9,16,19,24,32,32,53,61,66,52,49,90,49,54,100,121,169,121,145,75,87,123,136,140,127,131,72,54,77,144,125,75,73,50,45,103,70,87,68,63,51,53,60,64,66,76,80,30,38,49,36,34,27,35,0,28,26,24,25,14,9,7,11,11,9,8,9,6,2,2,1,5,5,6,4,1,4,8,3,4,7,3,0,4,8,8,11,13,3,1,6,13,5,8,3,3,4,7,7,9,5,5,6,4,5,8,5,10,9,5,5,2,9,5,17,8,4,4,23,21,16,16,7,12,8,11,22,22,35,36,30,9,11,28,52,58,55,43,27,33,42,31,45,42,41,65,85,54,79,122,86,70,58,69,141,107,139,134,98,93,88,156,149,142,160,137,142,151,189,190,158,124,104,128,187,314,388,369,326,284,212,199,252,341,361,411,300,204,200,277,285,236,214,224,154,155,185,185,159,154,127,63,77,119,120,91,99,93,57,71,103,110,87,64,69,46,48,65,101,60,71,32,26,45,26,39,52,31,23,17,19,37,37,25,29,34,15,34,49,31,43,41,38,13,28,42,45,40,38,34,15,36,24,28,28,38,23,13,30,29,27,39,39,27,14,51,42,48,54,81,52,34,72,156,109,138,137,110,118,151,244,268,239,321,334,154,277,440,337,305,352,417,285,239,337,259,472,519,529,372,404,635,502,472,522,505,281,345,500,399,386,310,262,195,199,211,179,192,190,152,66,81,116,102,79,85,79,27,57,66,42,58,47,37,23,35,40,41,26,47,36,17,36,32,36,37,40,25,17,26,43,26,24,36,28,16,43,43,41,60,54,35,44,50,94,71,58,60,79,46,91,136,139,152,99,162,172,236,405,366,478,504,434,358,510,752,718,838,742,701,624,458,736,1040,951,890,680,683,716,1253,1134,1195,1070,1144,895,879,1094,992,996,953,957,626,685,1017,795,
Saga,0,0,0,0,0,0,0,0,0,0,0,0,0,0,0,0,0,0,0,0,0,0,0,0,0,0,0,0,0,0,0,0,0,0,0,0,0,0,0,0,0,0,0,0,0,0,0,1,0,0,0,0,0,0,0,0,0,0,0,0,0,0,0,0,0,1,1,0,2,0,3,0,1,2,0,1,0,1,0,0,2,0,1,0,0,1,0,1,8,6,4,1,0,0,1,2,0,1,2,1,0,0,0,0,0,0,0,0,1,0,0,1,0,0,0,0,0,0,0,0,1,0,0,0,0,0,0,0,0,0,0,0,0,0,0,0,0,0,0,0,0,0,0,0,0,0,0,0,0,0,0,0,0,0,0,0,0,0,0,0,0,0,0,0,0,0,0,0,0,0,0,0,0,0,0,0,1,1,6,2,6,3,1,0,2,3,3,7,8,5,9,7,10,12,7,5,9,3,5,12,1,5,10,5,3,1,4,4,7,4,4,2,1,2,2,6,2,0,0,0,2,0,0,1,0,1,1,0,1,1,0,0,0,0,0,0,0,0,0,0,0,0,0,0,1,0,0,0,0,0,0,1,0,0,0,2,0,0,0,0,0,1,0,0,1,2,0,0,0,1,0,0,1,0,0,0,0,0,0,0,0,2,8,2,0,1,1,0,6,0,1,1,0,2,0,1,1,4,6,0,1,2,0,4,2,1,0,7,0,2,10,6,4,4,3,1,4,6,7,13,4,7,2,4,6,8,5,2,4,0,2,6,7,9,6,4,2,5,7,7,4,1,5,3,23,10,11,21,24,13,22,7,32,32,26,35,18,14,28,19,20,26,18,10,13,12,13,7,7,2,6,5,2,4,8,4,6,1,2,3,5,6,1,1,1,0,0,0,0,0,1,8,8,5,11,4,12,8,2,3,6,4,2,3,5,1,12,4,20,11,5,6,3,3,0,2,4,2,5,3,4,1,0,1,0,0,6,11,2,1,5,9,8,8,5,5,9,7,4,9,8,4,11,12,9,5,7,18,10,15,38,30,32,25,23,24,11,15,19,15,20,26,29,18,25,37,37,59,76,42,44,45,50,36,42,29,27,27,26,42,21,36,16,17,11,16,12,21,7,16,6,3,7,3,6,5,4,0,0,5,1,1,2,0,0,2,0,0,4,0,2,1,0,1,3,4,0,0,1,0,1,0,1,7,2,0,0,0,4,1,0,0,0,0,2,3,6,9,4,3,8,9,7,8,4,3,2,3,14,19,25,25,23,13,22,19,31,44,34,38,34,24,52,73,89,94,85,40,114,121,182,144,139,122,83,118,96,124,103,95,68,59,52,81,82,50,
Nagasaki,0,0,0,0,0,0,0,0,0,0,0,0,0,0,0,0,0,0,0,0,0,0,0,0,0,0,0,0,0,0,0,0,0,0,0,0,0,0,0,0,0,0,0,0,0,0,0,0,1,0,0,0,0,0,0,0,0,0,0,1,0,0,0,0,0,0,3,2,2,1,1,0,0,2,0,1,0,0,0,0,1,1,1,0,0,0,0,0,0,0,0,0,0,0,0,0,0,0,0,0,0,0,0,0,0,0,0,0,0,0,0,0,0,0,0,0,0,0,0,0,0,0,0,0,0,0,0,0,0,0,0,0,0,0,0,0,0,0,0,0,0,0,0,0,0,0,0,0,0,0,0,0,0,0,0,0,0,0,0,0,1,0,0,0,0,1,1,0,6,4,1,1,0,1,6,1,4,3,3,0,1,0,1,2,5,2,5,8,15,23,5,18,5,5,4,10,7,1,3,1,2,5,6,1,0,4,0,2,1,6,3,3,4,4,7,5,5,1,1,1,0,2,0,0,0,0,0,0,0,0,1,0,1,0,0,0,0,0,0,0,0,0,0,0,0,0,0,0,0,2,0,0,0,0,0,0,1,2,0,0,0,0,0,0,0,1,0,0,0,0,0,1,1,0,0,0,0,0,0,1,0,0,0,0,1,3,0,0,0,0,0,0,1,0,1,0,1,1,1,3,3,1,1,1,1,1,4,0,2,0,2,0,0,0,0,3,0,1,1,12,7,11,13,7,10,7,7,18,7,23,19,26,12,35,26,19,29,18,27,15,29,20,28,30,24,55,43,58,43,60,18,22,24,38,39,37,33,19,17,39,32,25,25,11,13,11,16,11,28,18,30,4,4,7,3,3,9,8,3,2,4,7,4,2,3,0,0,1,2,2,3,4,8,0,3,1,0,0,1,2,0,0,0,0,0,0,0,0,1,0,0,0,0,0,0,1,0,0,1,0,1,0,1,0,5,3,1,1,1,1,5,4,5,2,0,0,1,0,2,2,3,7,8,6,9,19,23,24,20,10,13,15,45,35,36,24,20,43,20,27,20,31,33,24,62,36,42,59,65,50,50,34,40,45,29,34,13,16,33,16,14,7,7,5,7,7,6,15,7,12,13,3,14,10,18,16,29,15,7,12,4,13,9,12,14,3,2,7,10,11,8,6,3,2,6,7,9,14,10,3,12,7,12,8,7,4,1,0,2,4,2,4,0,0,3,4,8,12,8,8,10,9,8,9,12,1,11,8,20,24,21,39,16,34,12,44,28,51,45,55,37,38,27,55,74,63,71,38,37,104,89,114,94,86,68,60,73,73,50,65,74,55,41,52,60,70,
Kumamoto,0,0,0,0,0,0,0,0,0,0,0,0,0,0,0,0,0,0,0,0,0,0,0,0,0,0,0,3,0,0,2,0,0,0,0,0,0,0,0,1,0,0,0,0,0,0,0,0,0,0,0,0,0,1,0,0,0,0,0,1,0,2,1,1,2,0,1,0,3,0,1,0,2,1,1,1,1,2,1,3,2,0,2,2,3,1,1,1,1,1,0,2,0,0,0,0,0,0,0,0,0,0,0,1,0,0,0,0,0,0,0,0,0,0,0,0,0,0,0,0,0,0,0,0,0,0,0,0,0,0,0,0,0,0,0,0,0,0,0,0,0,0,0,0,0,0,0,0,1,0,0,0,0,0,0,0,0,0,0,0,0,0,0,0,0,0,0,0,0,0,0,0,1,0,0,0,1,1,2,3,1,1,22,33,22,21,16,18,26,20,6,37,36,16,9,10,3,3,4,10,9,12,11,4,5,5,10,15,13,11,5,4,5,5,6,7,11,2,9,4,4,6,3,6,2,2,3,3,4,7,4,1,0,1,0,0,1,0,0,0,0,0,1,0,0,0,0,2,1,3,2,8,19,19,13,3,10,21,9,8,11,12,6,6,9,5,4,2,4,4,5,8,1,1,3,3,7,4,5,6,5,6,6,11,11,7,4,7,3,3,6,11,10,16,12,3,14,7,5,10,10,6,3,2,5,15,11,4,8,5,18,11,8,15,8,9,8,27,16,28,24,32,30,29,32,25,34,29,30,21,14,25,30,45,80,25,31,37,55,44,32,30,26,22,34,63,69,63,101,86,82,57,66,81,77,78,89,40,46,52,39,40,27,39,43,16,21,22,15,19,13,8,4,10,7,8,4,6,4,3,3,4,5,5,3,4,4,5,7,4,3,5,0,0,1,0,0,1,0,4,1,1,3,2,5,2,0,0,5,5,0,2,5,0,0,0,7,1,3,3,0,3,3,0,1,1,0,1,2,6,2,5,6,3,0,1,5,4,0,1,2,4,0,15,10,18,12,21,11,44,33,27,40,37,38,59,52,46,55,56,40,60,51,34,29,36,54,100,111,97,81,117,111,92,124,116,60,70,100,100,80,69,68,49,31,51,51,60,39,30,26,11,32,17,20,10,12,9,5,13,10,9,7,9,2,0,7,8,6,7,1,4,3,11,7,7,7,2,4,2,1,6,1,1,2,3,1,0,2,0,1,4,1,1,2,4,3,8,10,6,1,6,10,14,18,16,31,34,44,56,63,91,83,51,49,110,116,127,128,150,82,83,90,181,189,207,191,158,152,271,264,267,317,247,175,178,240,226,260,250,259,159,121,238,180,171,
Oita,0,0,0,0,0,0,0,0,0,0,0,0,0,0,0,0,0,0,0,0,0,0,0,0,0,0,0,0,0,0,0,0,0,0,0,0,0,1,0,0,0,0,0,0,0,0,0,0,0,0,0,0,0,2,5,5,8,1,1,2,0,2,0,1,0,1,0,1,1,1,0,1,2,6,0,1,0,0,1,2,5,4,0,0,0,1,4,0,0,1,0,0,0,0,0,0,0,0,0,0,0,0,0,0,0,0,0,0,0,0,0,0,0,0,0,0,0,0,0,0,0,0,0,0,0,0,0,0,0,0,0,0,0,0,0,0,0,0,0,0,0,0,0,0,0,0,0,0,0,0,0,0,0,0,0,0,0,0,0,0,0,0,0,0,0,0,0,0,0,0,0,0,0,0,0,0,0,0,0,0,0,0,0,0,2,0,2,2,2,0,2,3,1,2,2,2,7,5,1,0,0,1,3,6,10,7,10,4,3,1,0,2,0,3,1,0,0,1,0,2,3,1,2,4,0,0,0,1,0,0,0,0,0,0,0,0,0,0,0,0,0,0,0,0,0,0,0,0,0,0,0,0,0,0,0,0,0,0,0,0,0,0,0,0,1,0,0,0,0,0,0,0,0,0,0,0,0,0,0,0,0,0,0,0,0,1,0,1,0,0,1,1,0,1,0,4,11,10,7,12,1,10,4,5,10,8,9,18,7,15,14,15,18,18,18,19,11,10,21,25,26,18,8,6,12,9,13,3,7,8,2,4,7,9,7,14,3,19,15,13,22,11,11,9,10,16,26,19,17,13,8,9,14,17,16,12,19,10,7,6,16,33,26,18,10,6,31,14,22,20,10,13,8,11,14,15,9,8,3,7,4,5,7,2,10,1,1,4,4,5,4,3,2,1,2,0,1,0,2,2,0,1,1,1,1,0,0,0,0,0,0,0,1,0,1,0,0,1,0,0,1,0,0,1,0,2,0,1,2,1,1,5,1,5,2,1,3,2,5,4,5,2,4,5,5,3,6,6,5,1,6,30,42,45,76,63,33,51,34,41,55,52,43,53,44,52,47,78,93,74,75,59,65,76,102,62,58,28,44,51,44,47,35,27,31,36,38,22,18,24,23,13,17,22,12,4,8,7,0,4,6,4,7,7,0,1,1,4,2,0,5,1,5,0,1,2,2,0,0,0,0,0,1,0,2,0,0,1,1,5,3,0,0,1,1,1,7,6,3,4,3,12,1,2,5,11,3,6,12,12,20,21,23,29,17,22,34,31,51,48,42,39,39,61,83,95,89,94,85,148,162,198,214,215,206,154,157,186,163,178,147,117,122,108,127,115,
Miyazaki,0,0,0,0,0,0,0,0,0,0,0,0,0,0,0,0,0,0,0,0,0,0,0,0,0,0,0,0,0,0,0,0,0,0,0,0,0,0,1,0,0,0,0,0,0,0,0,0,0,0,0,0,0,0,1,0,0,0,1,0,0,0,0,0,0,0,0,0,3,2,2,1,1,4,0,0,1,0,0,0,0,0,0,0,0,0,0,0,0,0,0,0,0,0,0,0,0,0,0,0,0,0,0,0,0,0,0,0,0,0,0,0,0,0,0,0,0,0,0,0,0,0,0,0,0,0,0,0,0,0,0,0,0,0,0,0,0,0,0,0,0,0,0,0,0,0,0,0,0,0,0,0,0,0,0,0,0,0,0,0,0,1,0,0,0,0,0,0,2,0,0,0,0,0,0,0,0,0,3,4,3,25,8,11,20,12,15,20,16,30,8,12,8,13,7,13,6,8,2,5,5,3,5,6,6,5,19,6,6,8,4,4,5,0,1,2,2,1,1,1,0,0,0,1,0,0,0,0,0,1,2,0,1,1,0,0,0,0,0,0,0,0,0,0,0,0,0,0,0,0,0,0,0,0,0,0,0,0,0,0,0,0,1,0,0,0,0,0,0,0,0,0,1,0,0,0,0,0,0,0,0,0,2,2,1,0,0,1,0,0,0,0,0,0,0,1,1,10,3,11,14,14,5,6,10,9,19,7,7,12,10,8,7,9,8,12,9,3,5,5,5,7,15,6,7,6,10,12,11,8,3,3,7,7,10,11,4,13,4,12,18,26,30,30,32,38,80,105,72,76,49,29,13,41,48,46,28,38,29,29,51,28,18,22,12,4,25,17,17,14,5,11,12,17,13,7,6,2,2,0,8,15,5,0,13,8,3,2,1,2,3,2,1,0,1,2,2,0,0,0,0,2,0,0,0,0,0,0,0,0,0,0,0,0,0,0,0,0,0,0,0,0,0,0,0,0,0,1,0,7,5,0,1,0,1,1,0,0,2,5,26,8,10,5,9,4,5,4,5,1,3,12,12,9,35,16,5,10,21,21,15,34,29,28,25,50,26,57,62,36,43,53,40,37,30,28,20,28,27,20,37,15,20,11,5,17,10,6,11,7,1,4,2,3,5,4,0,0,0,2,1,2,5,3,1,0,0,0,2,5,1,0,0,1,1,2,4,4,0,1,7,2,4,5,2,0,0,1,2,3,0,1,2,1,3,3,1,0,3,5,1,5,7,5,9,9,3,2,13,10,16,15,14,10,22,33,29,36,33,40,43,32,23,44,61,63,46,28,41,111,125,121,106,158,116,75,136,114,127,116,74,81,52,105,68,89,
Kagoshima,0,0,0,0,0,0,0,0,0,0,0,0,0,0,0,0,0,0,0,0,0,0,0,0,0,0,0,0,0,0,0,0,0,0,0,0,0,0,0,0,0,0,0,0,0,0,0,0,0,0,0,0,0,0,0,0,0,0,0,0,1,0,0,0,0,0,1,1,0,0,0,0,0,0,1,0,0,0,0,0,0,0,2,1,1,2,0,0,0,0,0,0,0,0,0,0,0,0,0,0,0,0,0,0,0,0,0,0,0,0,0,0,0,0,0,0,0,0,0,0,0,0,0,0,0,0,0,0,0,0,0,0,0,0,0,0,0,0,1,0,0,0,0,0,0,0,0,0,0,0,0,0,0,0,0,0,0,1,9,30,34,13,12,9,3,2,8,5,8,5,5,3,4,0,2,1,5,2,2,15,14,8,5,3,10,3,4,16,4,0,0,6,4,7,2,2,0,0,0,0,0,4,15,27,5,7,2,3,0,1,1,4,2,1,2,5,3,2,1,1,0,5,2,1,0,0,0,1,0,0,0,0,0,1,3,0,0,1,0,1,10,1,4,7,5,6,1,3,2,5,2,1,3,6,5,5,3,0,2,6,1,0,3,3,1,0,0,0,0,0,0,0,0,0,0,0,1,4,2,0,5,0,8,5,17,13,5,11,3,5,5,1,5,1,3,1,2,16,9,7,3,2,5,0,5,5,9,2,5,1,3,5,11,5,6,14,10,18,40,30,25,17,10,14,12,9,4,6,7,2,4,9,15,15,9,17,20,19,8,13,10,15,2,27,12,41,17,27,32,39,17,15,20,21,17,14,25,14,16,14,59,23,14,27,5,14,13,10,13,19,11,13,10,5,3,3,9,4,3,6,10,10,4,16,11,8,2,12,1,3,1,1,1,2,7,4,0,0,3,0,0,1,0,0,0,0,0,0,0,0,0,0,0,1,0,1,1,1,0,3,5,1,0,1,2,12,10,12,5,6,7,2,7,8,8,8,7,16,11,8,8,5,4,4,4,13,3,7,11,6,13,2,7,11,7,14,13,11,14,28,33,60,42,45,41,47,45,58,51,46,39,52,61,52,46,34,29,38,37,40,39,47,36,23,19,27,26,26,27,29,31,11,25,32,25,26,47,15,8,13,17,11,8,15,15,10,11,13,3,9,2,3,2,4,2,2,2,6,9,5,4,3,4,11,6,3,1,7,6,4,11,4,5,4,2,5,6,10,7,6,2,6,5,9,19,8,22,13,18,24,22,23,21,31,20,45,44,51,87,71,104,66,82,108,154,158,164,140,151,245,202,251,242,231,160,147,191,240,192,148,157,128,49,78,96,91,
Okinawa,0,0,0,0,0,0,0,0,0,0,0,0,0,0,0,0,0,0,0,1,0,0,0,0,1,1,0,0,0,0,0,0,0,0,0,0,0,0,0,0,0,0,0,0,0,0,0,0,0,0,0,0,0,0,0,0,0,1,1,0,1,0,2,0,1,0,0,0,2,5,0,6,11,5,3,7,8,9,7,4,10,8,8,9,5,6,4,5,2,1,1,3,0,4,0,1,0,0,0,0,0,0,0,0,0,0,0,0,0,0,0,0,1,0,0,1,0,0,1,0,0,1,0,0,0,0,0,0,0,0,0,0,0,0,0,0,0,0,0,0,0,0,0,0,0,0,0,0,0,0,0,0,0,0,0,0,0,0,0,0,0,0,0,0,2,1,1,2,0,0,0,0,1,0,0,2,2,2,2,5,10,14,6,18,21,44,49,71,58,63,37,83,74,72,100,84,156,51,64,65,95,105,47,59,38,33,69,42,30,31,25,22,31,34,34,42,31,33,23,0,14,19,27,20,0,18,9,8,16,10,11,10,3,4,8,5,12,13,15,7,6,13,6,6,20,20,14,19,25,29,25,29,20,19,22,26,26,28,19,11,14,14,20,39,30,33,28,35,21,37,38,44,40,31,29,22,29,32,27,31,26,13,19,16,27,21,32,29,18,25,36,24,48,26,44,27,24,41,53,40,42,32,16,16,27,73,38,76,45,32,27,46,49,47,41,39,12,27,43,45,32,51,20,38,2,36,18,32,20,21,21,21,35,48,41,36,30,21,38,47,58,48,12,27,36,53,72,66,82,70,74,41,27,66,70,73,129,89,67,113,111,67,103,79,76,41,84,131,96,63,76,39,35,46,59,58,41,32,27,40,19,27,16,16,11,18,5,13,20,17,18,13,7,10,17,12,15,23,19,15,7,17,18,28,13,27,18,7,22,26,29,38,30,23,16,27,35,43,44,65,24,18,75,68,77,88,98,68,42,87,111,93,103,117,96,50,98,155,140,131,146,93,37,125,137,134,103,167,92,32,115,95,120,85,117,66,44,86,63,76,59,105,57,57,33,63,39,82,93,103,36,132,109,126,134,160,78,59,168,203,198,207,231,156,104,256,302,240,313,335,271,142,223,297,244,247,261,183,104,159,174,166,145,157,104,54,107,115,97,86,97,61,33,98,96,62,82,74,61,25,84,67,63,61,76,34,28,62,58,35,55,64,30,28,65,83,60,76,81,70,35,154,169,153,100,99,209,116,354,347,392,382,439,367,209,467,602,648,565,548,574,332,332,638,732,721,752,661,339,684,761,768,743,678,586,280,750,809,680,692,655,580,207,554,535,565,
